{
  "metadata": {
    "name": "EVT",
    "lastOpened": 0,
    "created": 1593272392700
  },
  "iconSets": [
    {
      "selection": [
        {
          "order": 84,
          "id": 1,
          "name": "evt_3dhop",
          "prevSize": 32,
          "code": 59392,
          "tempChar": ""
        },
        {
          "order": 85,
          "id": 0,
          "name": "evt_viscoll",
          "prevSize": 32,
          "code": 59393,
          "tempChar": ""
        }
      ],
      "id": 1,
      "metadata": {
        "name": "Untitled Set",
        "importSize": {
          "width": 1024,
          "height": 1024
        }
      },
      "height": 1024,
      "prevSize": 32,
      "icons": [
        {
          "id": 1,
          "paths": [
            "M536.999 825.681l279.993-152.685v-278.243l-279.993 101.935v328.993zM509 447.252l305.368-111.122-305.368-111.123-305.368 111.123 305.368 111.122zM872.991 337.005v335.991c0 20.562-11.375 39.374-29.312 48.999l-307.991 167.996c-8.313 4.812-17.5 7-26.688 7s-18.375-2.188-26.687-7l-307.993-167.996c-17.937-9.625-29.312-28.437-29.312-48.999v-335.991c0-23.625 14.875-44.624 36.749-52.499l307.993-111.998c6.124-2.187 12.687-3.5 19.249-3.5s13.124 1.312 19.249 3.5l307.993 111.998c21.876 7.875 36.75 28.874 36.75 52.499z"
          ],
          "attrs": [
            {}
          ],
          "isMulticolor": false,
          "isMulticolor2": false,
          "grid": 0,
          "tags": [
            "evt_3dhop"
          ]
        },
        {
          "id": 0,
          "paths": [
            "M546.286 171.675c-206.444 24.062-360.734 173.126-360.559 343.593 0.172 168.437 155.154 318.456 360.403 340.873 81.926 8.946 166.088 4.594 249.24 5.888 37.567 0.584 75.165 0.396 112.744 0.125 19.111-0.135 26.616 6.872 27.879 22.31 4.645 56.995 4.502 57.508-66.799 57.508-82.27 0-164.553 0.018-246.822-0.006-305.48-0.076-540.1-193.579-535.153-441.349 4.062-203.674 206.976-389.305 456.266-408.296 120.87-9.207 243.362-4.338 365.118-5.974 19.429-0.261 26.24 7.46 27.391 22.653 4.287 56.656 4.209 57.111-64.236 57.111-42.667 0-85.324 0-127.985 0-0.036-0.749-132.578-2.004-197.487 5.564z",
            "M753.057 214.761c47.745 0.010 95.496-0.124 143.244 0.054 37.096 0.135 38.883 1.801 39.216 32.706 0.054 4.942-0.476 9.912 0.060 14.815 2.18 20.173-8.861 27.808-33.827 27.557-76.184-0.763-152.379-0.431-228.574-0.199-72.634 0.216-140.325 12.064-199.863 49.307-108.869 68.099-136.937 193.353-62.986 287.926 56.786 72.622 140.867 104.274 243.786 106.003 81.239 1.361 162.557 1.101 243.797-0.111 29.677-0.439 40.99 8.562 38.060 31.745-1.029 8.151 2.791 17.678-1.227 24.361-4.728 7.866-15.478 18.909-23.75 18.985-107.646 0.955-216.234 7.365-322.805-1.559-239.166-20.031-386.938-236.264-286.595-413.537 65.815-116.282 178.836-177.393 338.7-178.034 37.586-0.15 75.178-0.024 112.764-0.019z",
            "M765.414 670.12c-39.629 0.029-79.268 0.201-118.897-0.006-109.521-0.579-198.784-73.691-199.144-162.943-0.358-89.107 89.051-163.35 197.984-163.836 83.33-0.372 166.667-0.174 249.996-0.040 37.794 0.059 39.759 1.834 40.171 31.962 0.59 42.821 0.59 42.841-51.164 42.865-71.134 0.033-142.302-0.889-213.399 0.376-47.467 0.84-91.222 10.409-113.918 49.688-30.479 52.738 0.715 108.483 70.869 121.243 31.222 5.68 64.415 5.163 96.757 5.617 57.911 0.816 115.876 1.052 173.763-0.11 27.564-0.551 40.076 7.204 37.217 29.93-0.916 7.336-0.56 14.826-0.166 22.219 0.916 17.070-9.661 23.334-29.826 23.146-46.74-0.439-93.492-0.141-140.243-0.111z"
          ],
          "attrs": [
            {},
            {},
            {}
          ],
          "isMulticolor": false,
          "isMulticolor2": false,
          "grid": 0,
          "tags": [
            "evt_viscoll"
          ]
        }
      ],
      "invisible": false,
      "colorThemes": []
    },
    {
      "selection": [
        {
          "id": 1,
          "order": 82,
          "ligatures": "",
          "prevSize": 32,
          "code": 59648,
          "name": "evt_add",
          "tempChar": ""
        },
        {
          "id": 63,
          "order": 76,
          "ligatures": "",
          "prevSize": 32,
          "code": 61459,
          "name": "evt_advanced-search",
          "tempChar": ""
        },
        {
          "id": 122,
          "order": 57,
          "ligatures": "",
          "prevSize": 32,
          "code": 59703,
          "name": "evt_align",
          "tempChar": ""
        },
        {
          "id": 2,
          "order": 67,
          "ligatures": "",
          "prevSize": 32,
          "code": 59649,
          "name": "evt_book",
          "tempChar": ""
        },
        {
          "id": 4,
          "order": 69,
          "ligatures": "",
          "prevSize": 32,
          "code": 59651,
          "name": "evt_bookmark",
          "tempChar": ""
        },
        {
          "id": 3,
          "order": 68,
          "ligatures": "",
          "prevSize": 32,
          "code": 59650,
          "name": "evt_bookmark-alt",
          "tempChar": ""
        },
        {
          "id": 123,
          "order": 58,
          "ligatures": "",
          "prevSize": 32,
          "code": 59704,
          "name": "evt_bookmark-alt2",
          "tempChar": ""
        },
        {
          "id": 5,
          "order": 70,
          "ligatures": "",
          "prevSize": 32,
          "code": 59652,
          "name": "evt_bookreader",
          "tempChar": ""
        },
        {
          "id": 124,
          "order": 59,
          "ligatures": "",
          "prevSize": 32,
          "code": 59705,
          "name": "evt_bookreader-alt",
          "tempChar": ""
        },
        {
          "id": 74,
          "order": 71,
          "ligatures": "",
          "prevSize": 32,
          "code": 59653,
          "name": "evt_books",
          "tempChar": ""
        },
        {
          "id": 61,
          "order": 74,
          "ligatures": "",
          "prevSize": 32,
          "code": 59711,
          "name": "evt_case-sensitive",
          "tempChar": ""
        },
        {
          "id": 7,
          "order": 72,
          "ligatures": "",
          "prevSize": 32,
          "code": 59638,
          "name": "evt_close",
          "tempChar": ""
        },
        {
          "id": 8,
          "order": 73,
          "ligatures": "",
          "prevSize": 32,
          "code": 59655,
          "name": "evt_code",
          "tempChar": ""
        },
        {
          "id": 77,
          "order": 14,
          "ligatures": "",
          "prevSize": 32,
          "code": 59656,
          "name": "evt_collation",
          "tempChar": ""
        },
        {
          "id": 78,
          "order": 13,
          "ligatures": "",
          "prevSize": 32,
          "code": 59657,
          "name": "evt_color-legend",
          "tempChar": ""
        },
        {
          "id": 79,
          "order": 12,
          "ligatures": "",
          "prevSize": 32,
          "code": 59658,
          "name": "evt_color-lens",
          "tempChar": ""
        },
        {
          "id": 80,
          "order": 11,
          "ligatures": "",
          "prevSize": 32,
          "code": 59659,
          "name": "evt_colors-fill",
          "tempChar": ""
        },
        {
          "id": 81,
          "order": 86,
          "ligatures": "",
          "prevSize": 32,
          "code": 59660,
          "name": "evt_copyright",
          "tempChar": ""
        },
        {
          "id": 82,
          "order": 9,
          "ligatures": "",
          "prevSize": 32,
          "code": 59661,
          "name": "evt_drop-down",
          "tempChar": ""
        },
        {
          "id": 83,
          "order": 16,
          "ligatures": "",
          "prevSize": 32,
          "code": 59662,
          "name": "evt_drop-up",
          "tempChar": ""
        },
        {
          "id": 62,
          "order": 75,
          "ligatures": "",
          "prevSize": 32,
          "code": 59712,
          "name": "evt_exact-match",
          "tempChar": ""
        },
        {
          "id": 84,
          "order": 17,
          "ligatures": "",
          "prevSize": 32,
          "code": 59663,
          "name": "evt_filter",
          "tempChar": ""
        },
        {
          "id": 85,
          "order": 18,
          "ligatures": "",
          "prevSize": 32,
          "code": 59664,
          "name": "evt_find-in-page",
          "tempChar": ""
        },
        {
          "id": 127,
          "order": 63,
          "ligatures": "",
          "prevSize": 32,
          "code": 59709,
          "name": "evt_font-size",
          "tempChar": ""
        },
        {
          "id": 87,
          "order": 20,
          "ligatures": "",
          "prevSize": 32,
          "code": 59668,
          "name": "evt_font-size-minus",
          "tempChar": ""
        },
        {
          "id": 125,
          "order": 60,
          "ligatures": "",
          "prevSize": 32,
          "code": 59706,
          "name": "evt_font-size-minus-alt",
          "tempChar": ""
        },
        {
          "id": 89,
          "order": 22,
          "ligatures": "",
          "prevSize": 32,
          "code": 59670,
          "name": "evt_font-size-plus",
          "tempChar": ""
        },
        {
          "id": 88,
          "order": 21,
          "ligatures": "",
          "prevSize": 32,
          "code": 59669,
          "name": "evt_font-size-plus-alt",
          "tempChar": ""
        },
        {
          "id": 90,
          "order": 29,
          "ligatures": "",
          "prevSize": 32,
          "code": 59671,
          "name": "evt_font-size-reset",
          "tempChar": ""
        },
        {
          "id": 126,
          "order": 61,
          "prevSize": 32,
          "code": 59707,
          "name": "evt_font-size-reset-alt",
          "tempChar": ""
        },
        {
          "id": 91,
          "order": 28,
          "ligatures": "",
          "prevSize": 32,
          "code": 59672,
          "name": "evt_fragment",
          "tempChar": ""
        },
        {
          "id": 93,
          "order": 26,
          "ligatures": "",
          "prevSize": 32,
          "code": 59674,
          "name": "evt_heatmap",
          "tempChar": ""
        },
        {
          "id": 92,
          "order": 27,
          "ligatures": "",
          "prevSize": 32,
          "code": 59673,
          "name": "evt_heatmap-alt",
          "tempChar": ""
        },
        {
          "id": 95,
          "order": 24,
          "ligatures": "",
          "prevSize": 32,
          "code": 59676,
          "name": "evt_help",
          "tempChar": ""
        },
        {
          "id": 94,
          "order": 25,
          "ligatures": "",
          "prevSize": 32,
          "code": 59675,
          "name": "evt_help-alt",
          "tempChar": ""
        },
        {
          "id": 96,
          "order": 23,
          "ligatures": "",
          "prevSize": 32,
          "code": 59677,
          "name": "evt_hotspot",
          "tempChar": ""
        },
        {
          "id": 97,
          "order": 30,
          "ligatures": "",
          "prevSize": 32,
          "code": 59678,
          "name": "evt_imgtxt",
          "tempChar": ""
        },
        {
          "id": 101,
          "order": 34,
          "ligatures": "",
          "prevSize": 32,
          "code": 59682,
          "name": "evt_info",
          "tempChar": ""
        },
        {
          "id": 100,
          "order": 33,
          "ligatures": "",
          "prevSize": 32,
          "code": 59681,
          "name": "evt_info-alt",
          "tempChar": ""
        },
        {
          "id": 98,
          "order": 31,
          "ligatures": "",
          "prevSize": 32,
          "code": 59679,
          "name": "evt_info-alt-r",
          "tempChar": ""
        },
        {
          "id": 99,
          "order": 32,
          "ligatures": "",
          "prevSize": 32,
          "code": 59680,
          "name": "evt_info-alt-sq",
          "tempChar": ""
        },
        {
          "id": 68,
          "order": 81,
          "ligatures": "",
          "prevSize": 32,
          "code": 61724,
          "name": "evt_keyboard",
          "tempChar": ""
        },
        {
          "id": 102,
          "order": 35,
          "ligatures": "",
          "prevSize": 32,
          "code": 59683,
          "name": "evt_link",
          "tempChar": ""
        },
        {
          "id": 104,
          "order": 38,
          "ligatures": "",
          "prevSize": 32,
          "code": 59685,
          "name": "evt_list",
          "tempChar": ""
        },
        {
          "id": 103,
          "order": 36,
          "ligatures": "",
          "prevSize": 32,
          "code": 59684,
          "name": "evt_list-alt",
          "tempChar": ""
        },
        {
          "id": 105,
          "order": 39,
          "ligatures": "",
          "prevSize": 32,
          "code": 59686,
          "name": "evt_mail",
          "tempChar": ""
        },
        {
          "id": 106,
          "order": 40,
          "ligatures": "",
          "prevSize": 32,
          "code": 59687,
          "name": "evt_menu",
          "tempChar": ""
        },
        {
          "id": 39,
          "order": 83,
          "ligatures": "",
          "prevSize": 32,
          "code": 59688,
          "name": "evt_more-horiz",
          "tempChar": ""
        },
        {
          "id": 108,
          "order": 43,
          "ligatures": "",
          "prevSize": 32,
          "code": 59689,
          "name": "evt_more-vert",
          "tempChar": ""
        },
        {
          "id": 67,
          "order": 80,
          "ligatures": "",
          "prevSize": 32,
          "code": 61701,
          "name": "evt_next",
          "tempChar": ""
        },
        {
          "id": 109,
          "order": 44,
          "ligatures": "",
          "prevSize": 32,
          "code": 59690,
          "name": "evt_note",
          "tempChar": ""
        },
        {
          "id": 110,
          "order": 45,
          "ligatures": "",
          "prevSize": 32,
          "code": 59691,
          "name": "evt_paragraph",
          "tempChar": ""
        },
        {
          "id": 111,
          "order": 46,
          "ligatures": "",
          "prevSize": 32,
          "code": 59692,
          "name": "evt_pin-alt-on",
          "tempChar": ""
        },
        {
          "id": 112,
          "order": 47,
          "ligatures": "",
          "prevSize": 32,
          "code": 59693,
          "name": "evt_pin-off",
          "tempChar": ""
        },
        {
          "id": 113,
          "order": 48,
          "ligatures": "",
          "prevSize": 32,
          "code": 59694,
          "name": "evt_pin-on",
          "tempChar": ""
        },
        {
          "id": 66,
          "order": 79,
          "ligatures": "",
          "prevSize": 32,
          "code": 61700,
          "name": "evt_previous",
          "tempChar": ""
        },
        {
          "id": 114,
          "order": 49,
          "ligatures": "",
          "prevSize": 32,
          "code": 59695,
          "name": "evt_search",
          "tempChar": ""
        },
        {
          "id": 65,
          "order": 78,
          "ligatures": "",
          "prevSize": 32,
          "code": 61699,
          "name": "evt_search-results-close",
          "tempChar": ""
        },
        {
          "id": 64,
          "order": 77,
          "ligatures": "",
          "prevSize": 32,
          "code": 61698,
          "name": "evt_search-results-open",
          "tempChar": ""
        },
        {
          "id": 128,
          "order": 64,
          "ligatures": "",
          "prevSize": 32,
          "code": 59710,
          "name": "evt_thumbnails",
          "tempChar": ""
        },
        {
          "id": 115,
          "order": 50,
          "ligatures": "",
          "prevSize": 32,
          "code": 59696,
          "name": "evt_txt",
          "tempChar": ""
        },
        {
          "id": 116,
          "order": 51,
          "ligatures": "",
          "prevSize": 32,
          "code": 59697,
          "name": "evt_txttxt",
          "tempChar": ""
        },
        {
          "id": 121,
          "order": 56,
          "ligatures": "",
          "prevSize": 32,
          "code": 59702,
          "name": "evt_zoom",
          "tempChar": ""
        },
        {
          "id": 117,
          "order": 52,
          "ligatures": "",
          "prevSize": 32,
          "code": 59698,
          "name": "evt_zoom-fit",
          "tempChar": ""
        },
        {
          "id": 120,
          "order": 55,
          "ligatures": "",
          "prevSize": 32,
          "code": 59701,
          "name": "evt_zoom-in",
          "tempChar": ""
        },
        {
          "id": 119,
          "order": 54,
          "ligatures": "",
          "prevSize": 32,
          "code": 59700,
          "name": "evt_zoom-out",
          "tempChar": ""
        },
        {
          "id": 118,
          "order": 53,
          "ligatures": "",
          "prevSize": 32,
          "code": 59699,
          "name": "evt_zoom-reset",
          "tempChar": ""
        },
        {
          "id": 130,
          "order": 62,
          "ligatures": "",
          "prevSize": 32,
          "code": 59708,
          "name": "evt_zoom-reset1",
          "tempChar": ""
        }
      ],
      "id": 0,
      "metadata": {
        "name": "evt"
      },
      "height": 1024,
      "prevSize": 32,
      "icons": [
        {
          "id": 0,
          "paths": [
            "M813.841 548.819h-257.002v257.002h-85.667v-257.002h-257.002v-85.667h257.002v-257.002h85.667v257.002h257.002v85.667z"
          ],
          "isMulticolor": false,
          "isMulticolor2": false,
          "tags": [
            "evt_add"
          ],
          "defaultCode": 59648,
          "grid": 0
        },
        {
          "id": 62,
          "paths": [
            "M636.083 507.733c0-67.564-55.108-122.672-122.672-122.672s-122.672 55.108-122.672 122.672 55.108 122.672 122.672 122.672 122.672-55.108 122.672-122.672zM881.424 455.511v106.378c0 7.187-5.751 15.811-13.413 17.25l-88.645 13.413c-5.27 15.334-11.021 29.71-18.688 43.606 16.295 23.477 33.541 44.56 51.272 66.127 2.876 3.349 4.794 7.668 4.794 11.976s-1.437 7.668-4.312 11.021c-11.499 15.334-76.189 85.772-92.483 85.772-4.312 0-8.625-1.912-12.458-4.312l-66.127-51.748c-13.897 7.187-28.751 13.413-43.606 18.209-3.349 29.235-6.231 60.374-13.897 89.128-1.912 7.668-8.625 13.413-17.25 13.413h-106.378c-8.625 0-16.295-6.231-17.25-14.376l-13.413-88.169c-14.851-4.794-29.235-10.537-43.122-17.732l-67.564 51.272c-3.349 2.876-7.668 4.312-11.976 4.312s-8.625-1.912-11.976-5.27c-25.398-23-58.936-52.708-79.064-80.503-2.394-3.349-3.349-7.187-3.349-11.021 0-4.312 1.437-7.668 3.833-11.021 16.295-22.040 34.021-43.122 50.31-65.648-8.152-15.334-14.851-31.146-19.653-47.44l-87.691-12.939c-8.152-1.437-13.897-9.107-13.897-17.25v-106.378c0-7.187 5.751-15.811 12.939-17.25l89.128-13.413c4.794-15.334 11.021-29.71 18.688-44.084-16.295-23-33.541-44.56-51.272-66.127-2.876-3.349-4.794-7.187-4.794-11.499s1.912-7.668 4.312-11.021c11.499-15.811 76.189-85.772 92.483-85.772 4.312 0 8.625 1.912 12.458 4.794l66.127 51.272c13.897-7.187 28.751-13.413 43.606-18.209 3.349-29.235 6.231-60.374 13.897-89.128 1.912-7.668 8.625-13.413 17.25-13.413h106.378c8.625 0 16.295 6.231 17.25 14.376l13.413 88.169c14.851 4.794 29.235 10.537 43.122 17.732l68.044-51.272c2.876-2.876 7.187-4.312 11.499-4.312s8.625 1.912 11.976 4.794c25.398 23.477 58.936 53.186 79.064 81.457 2.394 2.876 3.349 6.715 3.349 10.537 0 4.312-1.437 7.668-3.833 11.021-16.295 22.040-34.021 43.122-50.31 65.648 8.152 15.334 14.851 31.146 19.653 46.96l87.691 13.413c8.152 1.437 13.897 9.107 13.897 17.25z"
          ],
          "isMulticolor": false,
          "isMulticolor2": false,
          "tags": [
            "evt_advanced-search"
          ],
          "defaultCode": 61459,
          "grid": 0
        },
        {
          "id": 121,
          "paths": [
            "M726.042 894.874h85.416v-256.25h-85.416v256.25zM213.542 894.874h85.416v-427.084h-85.416v427.084zM896.876 467.79h-85.416v-341.667h-85.416v341.667h-85.416v85.416h256.25v-85.416zM384.375 724.040h85.416v170.834h85.416v-170.834h85.416v-85.416h-256.25v85.416zM555.209 126.123h-85.416v427.084h85.416v-427.084zM384.375 382.373v-85.416h-85.416v-170.834h-85.416v170.834h-85.416v85.416h256.25z"
          ],
          "isMulticolor": false,
          "isMulticolor2": false,
          "tags": [
            "evt_align"
          ],
          "defaultCode": 59701,
          "grid": 0
        },
        {
          "id": 1,
          "paths": [
            "M835.258 184.732v696.048h-563.264c-44.976 0-81.383-36.409-81.383-81.383s36.409-81.383 81.383-81.383h509.721v-640.365h-535.421c-59.967 0-107.084 49.259-107.084 107.084v642.506c0 59.967 49.259 107.084 107.084 107.084h642.506v-749.591h-53.541zM271.994 773.697v0 0c-14.993 0-27.841 12.852-27.841 25.7s12.852 27.841 27.841 27.841v0 0h509.721v-53.541h-509.721z"
          ],
          "isMulticolor": false,
          "isMulticolor2": false,
          "tags": [
            "evt_book"
          ],
          "defaultCode": 59649,
          "grid": 0
        },
        {
          "id": 3,
          "paths": [
            "M713.181 169.741h-398.354c-42.835 0-79.241 36.409-79.241 79.241v642.506l278.419-119.935 278.419 119.935v-640.365c0-44.976-36.409-81.383-79.241-81.383z"
          ],
          "isMulticolor": false,
          "isMulticolor2": false,
          "tags": [
            "evt_bookmark"
          ],
          "defaultCode": 59651,
          "grid": 0
        },
        {
          "id": 2,
          "paths": [
            "M715.324 169.741h-402.637c-44.976 0-79.241 36.409-79.241 79.241v640.365l280.561-117.793 280.561 119.935v-640.365c0-44.976-36.409-81.383-79.241-81.383zM715.324 771.554l-201.318-87.811-201.318 87.811v-520.43h400.495v520.43z"
          ],
          "isMulticolor": false,
          "isMulticolor2": false,
          "tags": [
            "evt_bookmark-alt"
          ],
          "defaultCode": 59650,
          "grid": 0
        },
        {
          "id": 122,
          "paths": [
            "M768.751 166.696h-512.5c-46.979 0-85.416 32.031-85.416 72.604v582.969c0 40.573 38.438 72.604 85.416 72.604h512.5c46.979 0 85.416-32.031 85.416-72.604v-582.969c0-40.573-38.438-72.604-85.416-72.604zM256.25 239.301h213.542v292.553l-106.771-55.521-106.771 55.521v-292.553z"
          ],
          "isMulticolor": false,
          "isMulticolor2": false,
          "tags": [
            "evt_bookmark-alt2"
          ],
          "defaultCode": 59702,
          "grid": 0
        },
        {
          "id": 4,
          "paths": [
            "M899.509 163.315h-771.007c-47.117 0-85.667 38.552-85.667 85.667v556.839c0 47.117 38.552 85.667 85.667 85.667h771.007c47.117 0 85.667-38.552 85.667-85.667v-556.839c0-47.117-38.552-85.667-85.667-85.667zM218.452 694.453l53.541 74.959 79.241-102.8 107.084 139.211h-321.253l81.383-111.368zM631.797 694.453l53.541 74.959 79.241-102.8 107.084 139.211h-321.253l81.383-111.368z"
          ],
          "isMulticolor": false,
          "isMulticolor2": false,
          "tags": [
            "evt_bookreader"
          ],
          "defaultCode": 59652,
          "grid": 0
        },
        {
          "id": 123,
          "paths": [
            "M896.876 190.186c-46.979-14.948-100.365-21.354-149.479-21.354-83.281 0-172.969 17.084-234.896 64.063-61.927-46.979-151.615-64.063-234.896-64.063s-172.969 17.084-234.896 64.063v625.678c0 10.677 10.677 21.354 21.354 21.354 4.271 0 6.406-2.135 10.677-2.135 57.656-27.76 140.938-46.979 202.865-46.979 83.281 0 172.969 17.084 234.896 64.063 57.656-36.302 162.291-64.063 234.896-64.063 70.469 0 143.073 12.813 202.865 44.844 4.271 2.135 6.406 2.135 10.677 2.135 10.677 0 21.354-10.677 21.354-21.354v-623.542c-25.625-19.219-53.385-32.031-85.416-42.709zM896.876 766.749c-46.979-14.948-98.229-21.354-149.479-21.354-72.604 0-177.24 27.76-234.896 64.063v-491.147c57.656-36.302 162.291-64.063 234.896-64.063 51.25 0 102.5 6.406 149.479 21.354v491.147z"
          ],
          "isMulticolor": false,
          "isMulticolor2": false,
          "tags": [
            "evt_bookreader-alt"
          ],
          "defaultCode": 59703,
          "grid": 0
        },
        {
          "id": 73,
          "paths": [
            "M251.979 168.832h-166.563c-14.948 0-25.625 12.813-25.625 27.76v627.813c0 14.948 10.677 27.76 25.625 27.76h164.428c14.948 0 27.76-12.813 27.76-27.76v-627.813c2.135-14.948-10.677-27.76-25.625-27.76zM224.219 339.665h-111.041v-57.656h111.041v57.656zM525.313 168.832h-164.428c-14.948 0-27.76 12.813-27.76 27.76v627.813c0 14.948 12.813 27.76 27.76 27.76h164.428c14.948 0 27.76-12.813 27.76-27.76v-627.813c0-14.948-10.677-27.76-27.76-27.76zM499.688 339.665h-111.041v-57.656h111.041v57.656zM715.366 211.54l-147.344 76.875c-12.813 6.406-19.219 23.49-12.813 38.438l247.709 508.229c6.406 14.948 23.49 19.219 36.302 12.813l147.344-76.875c12.813-6.406 19.219-23.49 12.813-38.438l-245.573-508.229c-6.406-12.813-23.49-19.219-38.438-12.813z"
          ],
          "isMulticolor": false,
          "isMulticolor2": false,
          "tags": [
            "evt_books"
          ],
          "defaultCode": 59653,
          "grid": 0
        },
        {
          "id": 60,
          "paths": [
            "M321.908 295.245l-150.907 427.501h88.193l30.78-102.856h154.926l30.78 102.856h88.151l-151.293-427.501h-90.63zM367.394 360.653l57.456 191.093h-114.912l57.456-191.093zM793.015 722.746l-7.867-44.246h-2.351c-14.963 18.809-30.353 31.934-46.17 39.329-15.817 7.139-36.337 10.687-61.56 10.687-24.112 0-40.827-8.893-58.866-26.719-17.956-17.869-26.804-43.263-26.804-76.265 0-34.543 12.099-59.979 36.166-76.265 24.283-16.501 51.001-25.949 94.392-27.361l56.515-1.711v-14.321c0-33.003-16.93-49.504-50.745-49.504-26.077 0-56.643 7.696-91.785 23.513l-29.413-59.849c37.493-19.665 79.087-29.498 124.66-29.498 43.777 0 67.972 9.405 91.229 28.301 23.299 19.025 34.969 47.881 34.969 86.783v217.128h-61.988zM776.556 571.967l-34.285 1.154c-25.821 0.77-45.059 5.429-57.712 13.98-12.568 8.549-18.895 21.546-18.895 38.988 0 24.795 14.364 37.192 43.092 37.192 20.52 0 36.979-5.857 49.248-17.698 12.397-11.843 18.639-27.574 18.639-47.153v-26.804z"
          ],
          "isMulticolor": false,
          "isMulticolor2": false,
          "tags": [
            "evt_case-sensitive"
          ],
          "defaultCode": 59708,
          "grid": 0
        },
        {
          "id": 6,
          "paths": [
            "M813.841 266.117l-59.967-59.967-239.869 239.869-239.869-239.869-59.967 59.967 239.869 239.869-239.869 239.869 59.967 59.967 239.869-239.869 239.869 239.869 59.967-59.967-239.869-239.869 239.869-239.869z"
          ],
          "isMulticolor": false,
          "isMulticolor2": false,
          "tags": [
            "evt_close"
          ],
          "defaultCode": 59654,
          "grid": 0
        },
        {
          "id": 7,
          "paths": [
            "M402.637 703.021l-194.893-197.035 197.035-197.035-62.11-59.967-257.002 257.002 257.002 257.002 59.967-59.967zM625.373 703.021l197.035-197.035-197.035-197.035 59.967-59.967 257.002 257.002-257.002 257.002-59.967-59.967z"
          ],
          "isMulticolor": false,
          "isMulticolor2": false,
          "tags": [
            "evt_code"
          ],
          "defaultCode": 59655,
          "grid": 0
        },
        {
          "id": 76,
          "paths": [
            "M407.865 506.227h209.271v51.25h-209.271v-51.25zM407.865 420.811h209.271v51.25h-209.271v-51.25zM407.865 591.645h209.271v51.25h-209.271v-51.25zM896.876 168.832h-768.751c-46.979 0-85.416 38.438-85.416 85.416v555.209c0 46.979 38.438 85.416 85.416 85.416h768.751c46.979 0 85.416-38.438 85.416-85.416v-555.209c0-46.979-38.438-85.416-85.416-85.416zM640.626 809.457h-256.25v-555.209h256.25v555.209zM123.854 506.227h209.271v51.25h-209.271v-51.25zM123.854 420.811h209.271v51.25h-209.271v-51.25zM123.854 591.645h209.271v51.25h-209.271v-51.25zM661.979 506.227h209.271v51.25h-209.271v-51.25zM661.979 420.811h209.271v51.25h-209.271v-51.25zM661.979 591.645h209.271v51.25h-209.271v-51.25zM896.876 809.457h-256.25v-555.209h256.25v555.209z"
          ],
          "isMulticolor": false,
          "isMulticolor2": false,
          "tags": [
            "evt_collation"
          ],
          "defaultCode": 59656,
          "grid": 0
        },
        {
          "id": 77,
          "paths": [
            "M939.585 553.207h-341.667v-85.416h341.667v85.416zM939.585 296.957h-341.667v85.416h341.667v-85.416zM597.917 724.040h341.667v-85.416h-341.667v85.416zM298.959 296.957c0 0-155.885 168.698-155.885 273.334 0 85.416 70.469 155.885 155.885 155.885s155.885-70.469 155.885-155.885c0-104.635-155.885-273.334-155.885-273.334z"
          ],
          "isMulticolor": false,
          "isMulticolor2": false,
          "tags": [
            "evt_color-legend"
          ],
          "defaultCode": 59657,
          "grid": 0
        },
        {
          "id": 78,
          "paths": [
            "M512.5 126.123c-211.406 0-384.375 172.969-384.375 384.375s172.969 384.375 384.375 384.375c36.302 0 64.063-27.76 64.063-64.063 0-17.084-6.406-32.031-17.084-42.709s-17.084-25.625-17.084-42.709c0-36.302 27.76-64.063 64.063-64.063h76.875c117.448 0 213.542-96.094 213.542-213.542 0-187.917-172.969-341.667-384.375-341.667zM277.604 510.499c-36.302 0-64.063-27.76-64.063-64.063s27.76-64.063 64.063-64.063 64.063 27.76 64.063 64.063-27.76 64.063-64.063 64.063zM405.729 339.665c-36.302 0-64.063-27.76-64.063-64.063s27.76-64.063 64.063-64.063 64.063 27.76 64.063 64.063-27.76 64.063-64.063 64.063zM619.272 339.665c-36.302 0-64.063-27.76-64.063-64.063s27.76-64.063 64.063-64.063 64.063 27.76 64.063 64.063-27.76 64.063-64.063 64.063zM747.397 510.499c-36.302 0-64.063-27.76-64.063-64.063s27.76-64.063 64.063-64.063 64.063 27.76 64.063 64.063-27.76 64.063-64.063 64.063z"
          ],
          "isMulticolor": false,
          "isMulticolor2": false,
          "tags": [
            "evt_color-lens"
          ],
          "defaultCode": 59658,
          "grid": 0
        },
        {
          "id": 79,
          "paths": [
            "M706.823 529.717l-382.24-382.24-59.791 59.791 102.5 102.5-219.948 219.948c-25.625 25.625-25.625 66.198 0 89.688l234.896 234.896c12.813 12.813 29.896 19.219 44.844 19.219s32.031-6.406 44.844-19.219l234.896-234.896c25.625-23.49 25.625-66.198 0-89.688zM222.084 574.561l205-205 205 205h-410zM811.459 638.624c0 0-85.416 91.823-85.416 149.479 0 46.979 38.438 85.416 85.416 85.416s85.416-38.438 85.416-85.416c0-57.656-85.416-149.479-85.416-149.479z"
          ],
          "isMulticolor": false,
          "isMulticolor2": false,
          "tags": [
            "evt_colors-fill"
          ],
          "defaultCode": 59659,
          "grid": 0
        },
        {
          "id": 80,
          "paths": [
            "M512.5 83.414c-234.896 0-427.084 192.188-427.084 427.084s192.188 427.084 427.084 427.084 427.084-192.188 427.084-427.084-192.188-427.084-427.084-427.084zM512.5 852.165c-187.917 0-341.667-153.75-341.667-341.667s153.75-341.667 341.667-341.667 341.667 153.75 341.667 341.667c0 187.917-153.75 341.667-341.667 341.667zM431.354 461.384c2.135-12.813 6.406-25.625 12.813-36.302s14.948-19.219 25.625-25.625c10.677-6.406 23.49-8.541 38.438-10.677 10.677 0 19.219 2.135 27.76 6.406s17.084 8.541 21.354 14.948c6.406 6.406 10.677 14.948 14.948 23.49s4.271 17.084 6.406 27.76h76.875c0-19.219-4.271-38.438-10.677-55.521s-17.084-32.031-29.896-42.709-27.76-21.354-46.979-27.76c-17.084-6.406-38.438-10.677-59.791-10.677-27.76 0-51.25 4.271-72.604 14.948-21.354 8.541-38.438 23.49-51.25 38.438-12.813 17.084-23.49 36.302-29.896 57.656s-10.677 44.844-10.677 70.469v10.677c0 25.625 4.271 46.979 10.677 70.469 6.406 21.354 17.084 40.573 29.896 57.656s29.896 29.896 51.25 38.438c21.354 10.677 44.844 14.948 72.604 14.948 19.219 0 38.438-4.271 55.521-10.677s32.031-14.948 46.979-27.76c12.813-10.677 23.49-25.625 32.031-40.573s12.813-32.031 12.813-49.115h-79.010c0 8.541-2.135 17.084-6.406 25.625s-8.541 14.948-14.948 19.219c-6.406 4.271-14.948 10.677-23.49 12.813s-17.084 4.271-25.625 4.271c-14.948 0-27.76-4.271-38.438-10.677s-19.219-14.948-25.625-25.625-10.677-23.49-12.813-38.438c-2.135-12.813-2.135-25.625-2.135-40.573v-10.677c0-17.084 0-29.896 4.271-44.844z"
          ],
          "isMulticolor": false,
          "isMulticolor2": false,
          "tags": [
            "evt_copyright"
          ],
          "defaultCode": 59660,
          "grid": 0
        },
        {
          "id": 81,
          "paths": [
            "M298.959 425.082l213.542 213.542 213.542-213.542h-427.084z"
          ],
          "isMulticolor": false,
          "isMulticolor2": false,
          "tags": [
            "evt_drop-down"
          ],
          "defaultCode": 59661,
          "grid": 0
        },
        {
          "id": 82,
          "paths": [
            "M298.959 595.915l213.542-213.542 213.542 213.542h-427.084z"
          ],
          "isMulticolor": false,
          "isMulticolor2": false,
          "tags": [
            "evt_drop-up"
          ],
          "defaultCode": 59662,
          "grid": 0
        },
        {
          "id": 61,
          "paths": [
            "M848.028 317.11l171.167-170.967c7.808-7.607 7.808-20.22 0.2-28.027-3.604-3.604-8.408-5.605-13.413-5.806l0.601 1.201-93.091-3.203-3.203-93.091c-0.4-11.011-9.609-19.419-20.42-19.019-5.005 0.2-9.81 2.202-13.413 5.806l-170.767 170.166c-3.804 3.804-6.006 9.209-5.806 14.614v19.819c-202.998-139.937-481.070-88.687-621.006 114.312s-88.687 481.070 114.312 621.006c202.998 139.937 481.070 88.687 621.006-114.312 105.103-152.549 105.103-354.146 0-506.695h19.819c5.405 0 10.41-2.002 14.014-5.806zM837.017 576.563c0.2 104.302-40.239 202.197-113.911 276.070s-171.568 114.512-275.869 114.712h-0.601c-104.102 0-201.997-40.439-275.869-114.111-73.672-73.672-114.312-171.568-114.512-275.669-0.2-104.302 40.239-202.398 113.911-276.070 73.672-73.872 171.568-114.512 275.869-114.712h0.601c86.084 0 170.567 29.028 238.633 81.48l0.601 17.817-63.062 63.062c-50.449-39.639-113.311-61.26-177.573-61.26-83.081 0-162.158 35.835-216.812 98.296-104.702 119.517-92.691 301.895 26.826 406.597 52.651 46.045 119.917 71.47 189.785 71.47 83.081 0 162.158-35.835 216.812-98.296 45.645-52.051 70.869-118.716 71.47-187.984 0.4-63.662-20.42-126.123-58.857-176.572l63.062-63.062 17.417 0.601c52.651 67.666 81.88 151.948 82.080 237.632zM426.016 597.784c6.006 5.806 13.813 9.009 22.022 9.009s16.016-3.203 22.022-9.009l26.025-26.025c0.2 1.401 0.2 2.603 0.2 4.004 0 26.426-21.621 48.047-48.047 48.047s-48.047-21.621-48.047-48.047 21.621-48.047 48.047-48.047c1.201 0 2.603 0 3.804 0.2l-26.025 26.025c-12.012 12.012-12.012 31.631 0 43.843zM448.038 459.649c-39.038 0-75.274 19.419-96.895 52.051-35.234 53.252-20.62 125.523 32.632 160.757 19.019 12.612 41.24 19.219 63.862 19.219 39.038 0 75.274-19.419 96.895-52.051 23.022-34.834 25.625-78.677 7.007-115.913l70.869-70.869c63.662 90.288 48.047 215.21-37.236 287.080-38.638 32.432-87.485 50.449-137.735 50.449v0c-63.462 0-123.12-27.827-163.96-76.274-36.836-43.843-54.453-99.297-49.648-156.152 4.805-57.056 31.631-108.706 75.474-145.542 38.638-32.432 87.485-50.449 137.935-50.449 43.843 0 87.285 13.813 123.12 39.038l-70.869 70.869c-15.815-8.008-33.633-12.212-51.45-12.212zM754.136 269.663l-2.202-68.867 110.708-110.708 1.401 39.639c0.2 17.017 14.014 30.83 31.030 31.030l39.439 1.201-111.109 109.907-69.268-2.202z"
          ],
          "isMulticolor": false,
          "isMulticolor2": false,
          "tags": [
            "evt_exact-match"
          ],
          "defaultCode": 59709,
          "grid": 0
        },
        {
          "id": 83,
          "paths": [
            "M597.917 809.457v0-384.375l234.896-213.542h-683.334l234.896 213.542v298.959l213.542 85.416z"
          ],
          "isMulticolor": false,
          "isMulticolor2": false,
          "tags": [
            "evt_filter"
          ],
          "defaultCode": 59663,
          "grid": 0
        },
        {
          "id": 84,
          "paths": [
            "M854.167 835.083v-495.417l-256.25-256.25h-341.667c-46.979 0-85.416 38.438-85.416 85.416v683.334c0 46.979 38.438 85.416 85.416 85.416h512.5c19.219 0 36.302-6.406 51.25-17.084l-190.053-190.053c-34.166 23.49-74.74 36.302-117.448 36.302-117.448 0-213.542-96.094-213.542-213.542s96.094-213.542 213.542-213.542 213.542 96.094 213.542 213.542c0 42.709-12.813 83.281-36.302 117.448l164.428 164.428zM384.375 553.207c0 70.469 57.656 128.125 128.125 128.125s128.125-57.656 128.125-128.125c0-70.469-57.656-128.125-128.125-128.125s-128.125 57.656-128.125 128.125z"
          ],
          "isMulticolor": false,
          "isMulticolor2": false,
          "tags": [
            "evt_find-in-page"
          ],
          "defaultCode": 59664,
          "grid": 0
        },
        {
          "id": 126,
          "paths": [
            "M356.615 574.561h177.24l-87.553-234.896-89.688 234.896zM854.167 83.414h-683.334c-46.979 0-85.416 38.438-85.416 85.416v683.334c0 46.979 38.438 85.416 85.416 85.416h683.334c46.979 0 85.416-38.438 85.416-85.416v-683.334c0-46.979-38.438-85.416-85.416-85.416zM615.001 788.103l-49.115-128.125h-241.303l-46.979 128.125h-89.688l217.813-555.209h79.010l219.948 555.209h-89.688zM740.991 269.196c-21.354 0-40.573 17.084-40.573 40.573s17.084 40.573 40.573 40.573 40.573-17.084 40.573-40.573-19.219-40.573-40.573-40.573zM845.626 309.77c0 4.271 0 8.541 0 12.813l29.896 23.49c2.135 2.135 4.271 6.406 2.135 8.541l-29.896 49.115c-2.135 2.135-6.406 4.271-8.541 2.135l-34.166-14.948c-6.406 6.406-14.948 10.677-23.49 12.813l-4.271 36.302c0 4.271-4.271 6.406-6.406 6.406h-55.521c-4.271 0-6.406-2.135-6.406-6.406l-4.271-36.302c-8.541-4.271-17.084-8.541-23.49-12.813l-34.166 14.948c-4.271 2.135-6.406 0-8.541-2.135l-27.76-49.115c-2.135-2.135 0-6.406 2.135-8.541l29.896-23.49c0-4.271 0-8.541 0-12.813s0-8.541 0-12.813l-29.896-23.49c-2.135-2.135-4.271-6.406-2.135-8.541l27.76-49.115c2.135-2.135 6.406-4.271 8.541-2.135l34.166 14.948c6.406-6.406 14.948-10.677 23.49-12.813v-40.573c0-4.271 4.271-6.406 6.406-6.406h57.656c4.271 0 6.406 2.135 6.406 6.406l4.271 36.302c8.541 4.271 17.084 8.541 23.49 12.813l34.166-14.948c2.135-2.135 6.406 0 8.541 2.135l27.76 49.115c2.135 2.135 0 6.406-2.135 8.541l-29.896 23.49c4.271 6.406 4.271 12.813 4.271 17.084z"
          ],
          "isMulticolor": false,
          "isMulticolor2": false,
          "tags": [
            "evt_font-size"
          ],
          "defaultCode": 59706,
          "grid": 0
        },
        {
          "id": 86,
          "paths": [
            "M621.407 809.457h102.5l-251.979-642.761h-91.823l-251.979 642.761h102.5l55.521-147.344h277.604l57.656 147.344zM324.584 561.749l102.5-271.198 102.5 273.334h-205zM595.782 352.477h301.094v-61.927h-301.094z"
          ],
          "isMulticolor": false,
          "isMulticolor2": false,
          "tags": [
            "evt_font-size-minus"
          ],
          "defaultCode": 59666,
          "grid": 0
        },
        {
          "id": 124,
          "paths": [
            "M356.615 574.561h177.24l-87.553-234.896-89.688 234.896zM854.167 83.414h-683.334c-46.979 0-85.416 38.438-85.416 85.416v683.334c0 46.979 38.438 85.416 85.416 85.416h683.334c46.979 0 85.416-38.438 85.416-85.416v-683.334c0-46.979-38.438-85.416-85.416-85.416zM615.001 788.103l-49.115-128.125h-241.303l-46.979 128.125h-89.688l217.813-555.209h79.010l219.948 555.209h-89.688zM875.522 343.936h-292.553v-59.791h292.553z"
          ],
          "isMulticolor": false,
          "isMulticolor2": false,
          "tags": [
            "evt_font-size-minus-alt"
          ],
          "defaultCode": 59704,
          "grid": 0
        },
        {
          "id": 88,
          "paths": [
            "M621.407 809.457h102.5l-251.979-642.761h-91.823l-251.979 642.761h102.5l55.521-147.344h277.604l57.656 147.344zM324.584 561.749l102.5-271.198 102.5 273.334h-205zM775.157 290.551v-121.719h-61.927v121.719h-121.719v61.927h121.719v121.719h61.927v-121.719h121.719v-61.927z"
          ],
          "isMulticolor": false,
          "isMulticolor2": false,
          "tags": [
            "evt_font-size-plus"
          ],
          "defaultCode": 59668,
          "grid": 0
        },
        {
          "id": 87,
          "paths": [
            "M356.615 574.561h177.24l-87.553-234.896-89.688 234.896zM854.167 83.414h-683.334c-46.979 0-85.416 38.438-85.416 85.416v683.334c0 46.979 38.438 85.416 85.416 85.416h683.334c46.979 0 85.416-38.438 85.416-85.416v-683.334c0-46.979-38.438-85.416-85.416-85.416zM615.001 788.103l-49.115-128.125h-241.303l-46.979 128.125h-89.688l217.813-555.209h79.010l219.948 555.209h-89.688zM871.251 328.988h-117.448v117.448h-59.791v-117.448h-117.448v-59.791h117.448v-117.448h59.791v117.448h117.448v59.791z"
          ],
          "isMulticolor": false,
          "isMulticolor2": false,
          "tags": [
            "evt_font-size-plus-alt"
          ],
          "defaultCode": 59667,
          "grid": 0
        },
        {
          "id": 89,
          "paths": [
            "M794.376 301.227c0-17.084-12.813-29.896-29.896-29.896s-29.896 12.813-29.896 29.896 12.813 29.896 29.896 29.896 29.896-12.813 29.896-29.896zM764.48 166.696c-74.74 0-134.531 59.791-134.531 134.531h-44.844l59.791 59.791 59.791-59.791h-44.844c0-57.656 46.979-104.635 104.635-104.635s104.635 46.979 104.635 104.635c0 57.656-46.979 104.635-104.635 104.635-23.49 0-42.709-6.406-59.791-19.219l-21.354 21.354c23.49 17.084 51.25 27.76 81.146 27.76 74.74 0 134.531-59.791 134.531-134.531-2.135-72.604-61.927-134.531-134.531-134.531zM621.407 809.457h102.5l-251.979-642.761h-91.823l-251.979 642.761h102.5l55.521-147.344h277.604l57.656 147.344zM324.584 561.749l102.5-271.198 102.5 273.334h-205z"
          ],
          "isMulticolor": false,
          "isMulticolor2": false,
          "tags": [
            "evt_font-size-reset"
          ],
          "defaultCode": 59669,
          "grid": 0
        },
        {
          "id": 125,
          "paths": [
            "M356.615 574.561h177.24l-87.553-234.896-89.688 234.896zM854.167 83.414h-683.334c-46.979 0-85.416 38.438-85.416 85.416v683.334c0 46.979 38.438 85.416 85.416 85.416h683.334c46.979 0 85.416-38.438 85.416-85.416v-683.334c0-46.979-38.438-85.416-85.416-85.416zM615.001 788.103l-49.115-128.125h-241.303l-46.979 128.125h-89.688l217.813-555.209h79.010l219.948 555.209h-89.688zM721.772 442.165c-55.521 0-104.635-34.166-123.854-81.146h46.979c17.084 25.625 44.844 40.573 79.010 40.573 53.385 0 96.094-42.709 96.094-96.094s-42.709-96.094-96.094-96.094c-36.302 0-68.334 21.354-83.281 51.25l42.709 42.709h-108.906v-106.771l36.302 36.302c21.354-38.438 64.063-64.063 111.041-64.063 74.74 0 136.666 61.927 136.666 136.666s-61.927 136.666-136.666 136.666z"
          ],
          "isMulticolor": false,
          "isMulticolor2": false,
          "tags": [
            "evt_font-size-reset-alt"
          ],
          "defaultCode": 59705,
          "grid": 0
        },
        {
          "id": 90,
          "paths": [
            "M768.751 724.040h-512.5v-85.416h512.5v85.416zM768.751 553.207h-512.5v-85.416h512.5v85.416zM768.751 382.373h-512.5v-85.416h512.5v85.416zM128.125 937.583l64.063-64.063 64.063 64.063 64.063-64.063 64.063 64.063 64.063-64.063 64.063 64.063 64.063-64.063 64.063 64.063 64.063-64.063 64.063 64.063 64.063-64.063 64.063 64.063v-854.167l-64.063 64.063-64.063-64.063-64.063 64.063-64.063-64.063-64.063 64.063-64.063-64.063-64.063 64.063-64.063-64.063-64.063 64.063-64.063-64.063-64.063 64.063-64.063-64.063v854.167z"
          ],
          "isMulticolor": false,
          "isMulticolor2": false,
          "tags": [
            "evt_fragment"
          ],
          "defaultCode": 59670,
          "grid": 0
        },
        {
          "id": 92,
          "paths": [
            "M128.125 425.082h213.542v-85.416h-213.542v85.416zM405.729 425.082h213.542v-85.416h-213.542v85.416zM683.334 425.082h213.542v-85.416h-213.542v85.416zM128.125 254.248h85.416v-85.416h-85.416v85.416zM298.959 254.248h85.416v-85.416h-85.416v85.416zM469.792 254.248h85.416v-85.416h-85.416v85.416zM640.626 254.248h85.416v-85.416h-85.416v85.416zM811.459 254.248h85.416v-85.416h-85.416v85.416zM128.125 595.915h341.667v-85.416h-341.667v85.416zM555.209 595.915h341.667v-85.416h-341.667v85.416zM896.876 852.165v-170.834h-768.751v170.834h768.751z"
          ],
          "isMulticolor": false,
          "isMulticolor2": false,
          "tags": [
            "evt_heatmap"
          ],
          "defaultCode": 59672,
          "grid": 0
        },
        {
          "id": 91,
          "paths": [
            "M540.261 4.404c0 0 32.031 113.178 32.031 205 0 87.553-57.656 160.156-145.209 160.156s-155.885-70.469-155.885-160.156l2.135-14.948c-85.416 102.5-138.803 234.896-138.803 380.104 0 187.917 153.75 341.667 341.667 341.667s341.667-153.75 341.667-341.667c0-230.625-111.041-435.625-277.604-570.157zM463.386 788.103c-76.875 0-136.666-59.791-136.666-134.531 0-68.334 44.844-117.448 119.584-132.396s153.75-51.25 196.459-111.041c17.084 55.521 25.625 113.178 25.625 172.969 0 113.178-91.823 205-205 205z"
          ],
          "isMulticolor": false,
          "isMulticolor2": false,
          "tags": [
            "evt_heatmap-alt"
          ],
          "defaultCode": 59671,
          "grid": 0
        },
        {
          "id": 94,
          "paths": [
            "M512.5 83.414c-234.896 0-427.084 192.188-427.084 427.084s192.188 427.084 427.084 427.084 427.084-192.188 427.084-427.084-192.188-427.084-427.084-427.084zM555.209 809.457h-85.416v-85.416h85.416v85.416zM642.761 478.467l-38.438 38.438c-29.896 32.031-49.115 57.656-49.115 121.719h-85.416v-21.354c0-46.979 19.219-89.688 49.115-121.719l53.385-53.385c14.948-14.948 25.625-36.302 25.625-59.791 0-46.979-38.438-85.416-85.416-85.416s-85.416 38.438-85.416 85.416h-85.416c0-93.959 76.875-170.834 170.834-170.834s170.834 76.875 170.834 170.834c0 38.438-14.948 72.604-40.573 96.094z"
          ],
          "isMulticolor": false,
          "isMulticolor2": false,
          "tags": [
            "evt_help"
          ],
          "defaultCode": 59674,
          "grid": 0
        },
        {
          "id": 93,
          "paths": [
            "M469.792 766.749h85.416v-85.416h-85.416v85.416zM512.5 83.414c-234.896 0-427.084 192.188-427.084 427.084s192.188 427.084 427.084 427.084 427.084-192.188 427.084-427.084c0-234.896-192.188-427.084-427.084-427.084zM512.5 852.165c-187.917 0-341.667-153.75-341.667-341.667s153.75-341.667 341.667-341.667 341.667 153.75 341.667 341.667-153.75 341.667-341.667 341.667zM512.5 254.248c-93.959 0-170.834 76.875-170.834 170.834h85.416c0-46.979 38.438-85.416 85.416-85.416s85.416 38.438 85.416 85.416c0 85.416-128.125 74.74-128.125 213.542h85.416c0-96.094 128.125-106.771 128.125-213.542 0-93.959-76.875-170.834-170.834-170.834z"
          ],
          "isMulticolor": false,
          "isMulticolor2": false,
          "tags": [
            "evt_help-alt"
          ],
          "defaultCode": 59673,
          "grid": 0
        },
        {
          "id": 95,
          "paths": [
            "M879.792 202.998h-260.521v-59.791c0-34.166-25.625-59.791-59.791-59.791h-414.272c-34.166 0-59.791 25.625-59.791 59.791v307.5c0 34.166 25.625 59.791 59.791 59.791h207.135v25.625h-100.365c-34.166 0-59.791 25.625-59.791 59.791v279.74c0 34.166 25.625 59.791 59.791 59.791h401.459c34.166 0 59.791-25.625 59.791-59.791v-113.178h166.563c34.166 0 59.791-25.625 59.791-59.791v-439.897c0-32.031-25.625-59.791-59.791-59.791zM179.375 416.54v-239.167h345.938v25.625h-113.178c-34.166 0-59.791 25.625-59.791 59.791v153.75h-172.969zM525.313 296.957v119.584h-81.146v-119.584h81.146zM619.272 843.624h-333.125v-213.542h66.198v72.604c0 34.166 25.625 59.791 59.791 59.791h207.135v81.146zM619.272 670.655h-172.969v-40.573h172.969v40.573zM845.626 670.655h-132.396v-72.604c0-34.166-25.625-59.791-59.791-59.791h-207.135v-27.76h113.178c34.166 0 59.791-25.625 59.791-59.791v-153.75h226.354v373.698z"
          ],
          "isMulticolor": false,
          "isMulticolor2": false,
          "tags": [
            "evt_hotspot"
          ],
          "defaultCode": 59675,
          "grid": 0
        },
        {
          "id": 96,
          "paths": [
            "M555.209 510.499h298.959v64.063h-298.959v-64.063zM555.209 403.727h298.959v64.063h-298.959v-64.063zM555.209 617.27h298.959v64.063h-298.959v-64.063zM896.876 168.832h-768.751c-46.979 0-85.416 38.438-85.416 85.416v555.209c0 46.979 38.438 85.416 85.416 85.416h768.751c46.979 0 85.416-38.438 85.416-85.416v-555.209c0-46.979-38.438-85.416-85.416-85.416zM896.876 809.457h-384.375v-555.209h384.375v555.209zM217.813 698.415l53.385 74.74 79.010-102.5 106.771 138.803h-320.313l81.146-111.041z"
          ],
          "isMulticolor": false,
          "isMulticolor2": false,
          "tags": [
            "evt_imgtxt"
          ],
          "defaultCode": 59676,
          "grid": 0
        },
        {
          "id": 100,
          "paths": [
            "M512.5 83.414c-234.896 0-427.084 192.188-427.084 427.084s192.188 427.084 427.084 427.084 427.084-192.188 427.084-427.084-192.188-427.084-427.084-427.084zM555.209 724.040h-85.416v-256.25h85.416v256.25zM555.209 382.373h-85.416v-85.416h85.416v85.416z"
          ],
          "isMulticolor": false,
          "isMulticolor2": false,
          "tags": [
            "evt_info"
          ],
          "defaultCode": 59680,
          "grid": 0
        },
        {
          "id": 99,
          "paths": [
            "M469.792 724.040h85.416v-256.25h-85.416v256.25zM512.5 83.414c-234.896 0-427.084 192.188-427.084 427.084s192.188 427.084 427.084 427.084 427.084-192.188 427.084-427.084-192.188-427.084-427.084-427.084zM512.5 852.165c-187.917 0-341.667-153.75-341.667-341.667s153.75-341.667 341.667-341.667 341.667 153.75 341.667 341.667c0 187.917-153.75 341.667-341.667 341.667zM469.792 382.373h85.416v-85.416h-85.416v85.416z"
          ],
          "isMulticolor": false,
          "isMulticolor2": false,
          "tags": [
            "evt_info-alt"
          ],
          "defaultCode": 59679,
          "grid": 0
        },
        {
          "id": 97,
          "paths": [
            "M512.5 170.967c-200.729 0-363.022 162.291-363.022 363.022s162.291 363.022 363.022 363.022 363.022-162.291 363.022-363.022-162.291-363.022-363.022-363.022zM548.803 713.364h-72.604v-215.678h72.604v215.678zM548.803 425.082h-72.604v-72.604h72.604v72.604z"
          ],
          "isMulticolor": false,
          "isMulticolor2": false,
          "tags": [
            "evt_info-alt-r"
          ],
          "defaultCode": 59677,
          "grid": 0
        },
        {
          "id": 98,
          "paths": [
            "M802.917 168.832h-580.834c-40.573 0-72.604 32.031-72.604 72.604v580.834c0 40.573 32.031 72.604 72.604 72.604h580.834c40.573 0 72.604-32.031 72.604-72.604v-580.834c0-40.573-32.031-72.604-72.604-72.604zM548.803 713.364h-72.604v-217.813h72.604v217.813zM548.803 422.946h-72.604v-72.604h72.604v72.604z"
          ],
          "isMulticolor": false,
          "isMulticolor2": false,
          "tags": [
            "evt_info-alt-sq"
          ],
          "defaultCode": 59678,
          "grid": 0
        },
        {
          "id": 67,
          "paths": [
            "M215.475 615.107v49.669c0 4.658-3.623 8.278-8.278 8.278h-49.669c-4.658 0-8.278-3.623-8.278-8.278v-49.669c0-4.658 3.623-8.278 8.278-8.278h49.669c4.658 0 8.278 3.623 8.278 8.278zM281.699 482.655v49.669c0 4.658-3.623 8.278-8.278 8.278h-115.895c-4.658 0-8.278-3.623-8.278-8.278v-49.669c0-4.658 3.623-8.278 8.278-8.278h115.895c4.658 0 8.278 3.623 8.278 8.278zM215.475 350.201v49.669c0 4.658-3.623 8.278-8.278 8.278h-49.669c-4.658 0-8.278-3.623-8.278-8.278v-49.669c0-4.658 3.623-8.278 8.278-8.278h49.669c4.658 0 8.278 3.623 8.278 8.278zM745.283 615.107v49.669c0 4.658-3.623 8.278-8.278 8.278h-447.029c-4.658 0-8.278-3.623-8.278-8.278v-49.669c0-4.658 3.623-8.278 8.278-8.278h447.029c4.658 0 8.278 3.623 8.278 8.278zM414.151 482.655v49.669c0 4.658-3.623 8.278-8.278 8.278h-49.669c-4.658 0-8.278-3.623-8.278-8.278v-49.669c0-4.658 3.623-8.278 8.278-8.278h49.669c4.658 0 8.278 3.623 8.278 8.278zM347.925 350.201v49.669c0 4.658-3.623 8.278-8.278 8.278h-49.669c-4.658 0-8.278-3.623-8.278-8.278v-49.669c0-4.658 3.623-8.278 8.278-8.278h49.669c4.658 0 8.278 3.623 8.278 8.278zM546.606 482.655v49.669c0 4.658-3.623 8.278-8.278 8.278h-49.669c-4.658 0-8.278-3.623-8.278-8.278v-49.669c0-4.658 3.623-8.278 8.278-8.278h49.669c4.658 0 8.278 3.623 8.278 8.278zM480.379 350.201v49.669c0 4.658-3.623 8.278-8.278 8.278h-49.669c-4.658 0-8.278-3.623-8.278-8.278v-49.669c0-4.658 3.623-8.278 8.278-8.278h49.669c4.658 0 8.278 3.623 8.278 8.278zM679.058 482.655v49.669c0 4.658-3.623 8.278-8.278 8.278h-49.669c-4.658 0-8.278-3.623-8.278-8.278v-49.669c0-4.658 3.623-8.278 8.278-8.278h49.669c4.658 0 8.278 3.623 8.278 8.278zM877.737 615.107v49.669c0 4.658-3.623 8.278-8.278 8.278h-49.669c-4.658 0-8.278-3.623-8.278-8.278v-49.669c0-4.658 3.623-8.278 8.278-8.278h49.669c4.658 0 8.278 3.623 8.278 8.278zM612.831 350.201v49.669c0 4.658-3.623 8.278-8.278 8.278h-49.669c-4.658 0-8.278-3.623-8.278-8.278v-49.669c0-4.658 3.623-8.278 8.278-8.278h49.669c4.658 0 8.278 3.623 8.278 8.278zM745.283 350.201v49.669c0 4.658-3.623 8.278-8.278 8.278h-49.669c-4.658 0-8.278-3.623-8.278-8.278v-49.669c0-4.658 3.623-8.278 8.278-8.278h49.669c4.658 0 8.278 3.623 8.278 8.278zM877.737 350.201v182.123c0 4.658-3.623 8.278-8.278 8.278h-115.895c-4.658 0-8.278-3.623-8.278-8.278v-49.669c0-4.658 3.623-8.278 8.278-8.278h57.948v-124.174c0-4.658 3.623-8.278 8.278-8.278h49.669c4.658 0 8.278 3.623 8.278 8.278zM943.964 739.28v-463.586h-860.945v463.586h860.945zM1010.192 275.696v463.586c0 36.735-29.492 66.227-66.227 66.227h-860.945c-36.735 0-66.227-29.492-66.227-66.227v-463.586c0-36.735 29.492-66.227 66.227-66.227h860.945c36.735 0 66.227 29.492 66.227 66.227z"
          ],
          "isMulticolor": false,
          "isMulticolor2": false,
          "tags": [
            "evt_keyboard"
          ],
          "defaultCode": 61724,
          "grid": 0
        },
        {
          "id": 101,
          "paths": [
            "M166.563 510.499c0-72.604 59.791-132.396 132.396-132.396h170.834v-81.146h-170.834c-117.448 0-213.542 96.094-213.542 213.542s96.094 213.542 213.542 213.542h170.834v-81.146h-170.834c-72.604 0-132.396-59.791-132.396-132.396zM341.667 553.207h341.667v-85.416h-341.667v85.416zM726.042 296.957h-170.834v81.146h170.834c72.604 0 132.396 59.791 132.396 132.396s-59.791 132.396-132.396 132.396h-170.834v81.146h170.834c117.448 0 213.542-96.094 213.542-213.542s-96.094-213.542-213.542-213.542z"
          ],
          "isMulticolor": false,
          "isMulticolor2": false,
          "tags": [
            "evt_link"
          ],
          "defaultCode": 59681,
          "grid": 0
        },
        {
          "id": 103,
          "paths": [
            "M128.125 553.207h85.416v-85.416h-85.416v85.416zM128.125 724.040h85.416v-85.416h-85.416v85.416zM128.125 382.373h85.416v-85.416h-85.416v85.416zM298.959 553.207h597.917v-85.416h-597.917v85.416zM298.959 724.040h597.917v-85.416h-597.917v85.416zM298.959 296.957v85.416h597.917v-85.416h-597.917z"
          ],
          "isMulticolor": false,
          "isMulticolor2": false,
          "tags": [
            "evt_list"
          ],
          "defaultCode": 59683,
          "grid": 0
        },
        {
          "id": 102,
          "paths": [
            "M170.834 595.915h170.834v-170.834h-170.834v170.834zM170.834 809.457h170.834v-170.834h-170.834v170.834zM170.834 382.373h170.834v-170.834h-170.834v170.834zM384.375 595.915h512.5v-170.834h-512.5v170.834zM384.375 809.457h512.5v-170.834h-512.5v170.834zM384.375 211.54v170.834h512.5v-170.834h-512.5z"
          ],
          "isMulticolor": false,
          "isMulticolor2": false,
          "tags": [
            "evt_list-alt"
          ],
          "defaultCode": 59682,
          "grid": 0
        },
        {
          "id": 104,
          "paths": [
            "M854.167 168.832h-683.334c-46.979 0-85.416 38.438-85.416 85.416v512.5c0 46.979 38.438 85.416 85.416 85.416h683.334c46.979 0 85.416-38.438 85.416-85.416v-512.5c0-46.979-38.438-85.416-85.416-85.416zM854.167 339.665l-341.667 213.542-341.667-213.542v-85.416l341.667 213.542 341.667-213.542v85.416z"
          ],
          "isMulticolor": false,
          "isMulticolor2": false,
          "tags": [
            "evt_mail"
          ],
          "defaultCode": 59684,
          "grid": 0
        },
        {
          "id": 105,
          "paths": [
            "M128.125 766.749h768.751v-85.416h-768.751v85.416zM128.125 553.207h768.751v-85.416h-768.751v85.416zM128.125 254.248v85.416h768.751v-85.416h-768.751z"
          ],
          "isMulticolor": false,
          "isMulticolor2": false,
          "tags": [
            "evt_menu"
          ],
          "defaultCode": 59685,
          "grid": 0
        },
        {
          "id": 38,
          "paths": [
            "M257.002 420.318c-47.117 0-85.667 38.552-85.667 85.667s38.552 85.667 85.667 85.667 85.667-38.552 85.667-85.667-38.552-85.667-85.667-85.667zM771.007 420.318c-47.117 0-85.667 38.552-85.667 85.667s38.552 85.667 85.667 85.667 85.667-38.552 85.667-85.667-38.552-85.667-85.667-85.667zM514.004 420.318c-47.117 0-85.667 38.552-85.667 85.667s38.552 85.667 85.667 85.667 85.667-38.552 85.667-85.667-38.552-85.667-85.667-85.667z"
          ],
          "isMulticolor": false,
          "isMulticolor2": false,
          "tags": [
            "evt_more-horiz"
          ],
          "defaultCode": 59686,
          "grid": 0
        },
        {
          "id": 107,
          "paths": [
            "M512.5 339.665c46.979 0 85.416-38.438 85.416-85.416s-38.438-85.416-85.416-85.416-85.416 38.438-85.416 85.416 38.438 85.416 85.416 85.416zM512.5 425.082c-46.979 0-85.416 38.438-85.416 85.416s38.438 85.416 85.416 85.416 85.416-38.438 85.416-85.416-38.438-85.416-85.416-85.416zM512.5 681.332c-46.979 0-85.416 38.438-85.416 85.416s38.438 85.416 85.416 85.416 85.416-38.438 85.416-85.416-38.438-85.416-85.416-85.416z"
          ],
          "isMulticolor": false,
          "isMulticolor2": false,
          "tags": [
            "evt_more-vert"
          ],
          "defaultCode": 59687,
          "grid": 0
        },
        {
          "id": 66,
          "paths": [
            "M680.288 507.501c0 4.583-2.292 9.743-5.732 13.182l-267.068 267.068c-3.438 3.438-8.595 5.732-13.182 5.732s-9.743-2.292-13.182-5.732l-28.655-28.655c-3.438-3.438-5.732-8.024-5.732-13.182 0-4.583 2.292-9.743 5.732-13.182l225.231-225.231-225.231-225.231c-3.438-3.438-5.732-8.595-5.732-13.182s2.292-9.743 5.732-13.182l28.655-28.655c3.438-3.438 8.595-5.732 13.182-5.732s9.743 2.292 13.182 5.732l267.068 267.068c3.438 3.438 5.732 8.595 5.732 13.182z"
          ],
          "isMulticolor": false,
          "isMulticolor2": false,
          "tags": [
            "evt_next"
          ],
          "defaultCode": 61701,
          "grid": 0
        },
        {
          "id": 108,
          "paths": [
            "M856.303 425.082l-207.135-256.25h-410c-38.438 0-68.334 38.438-68.334 85.416v512.5c0 46.979 29.896 85.416 68.334 85.416h548.803c38.438 0 68.334-38.438 68.334-85.416v-341.667zM615.001 232.894l187.917 234.896h-187.917v-234.896z"
          ],
          "isMulticolor": false,
          "isMulticolor2": false,
          "tags": [
            "evt_note"
          ],
          "defaultCode": 59688,
          "grid": 0
        },
        {
          "id": 109,
          "paths": [
            "M414.272 563.884v245.573h98.229v-542.397h98.229v542.397h98.229v-542.397h98.229v-98.229h-392.917c-108.906 0-196.459 87.553-196.459 196.459s87.553 198.594 196.459 198.594z"
          ],
          "isMulticolor": false,
          "isMulticolor2": false,
          "tags": [
            "evt_paragraph"
          ],
          "defaultCode": 59689,
          "grid": 0
        },
        {
          "id": 110,
          "paths": [
            "M538.126 83.414l-81.146 81.146 81.146 81.146-187.917 213.542h-183.646l147.344 147.344-228.49 298.959v32.031h32.031l301.094-226.354 147.344 147.344v-187.917l213.542-187.917 81.146 81.146 81.146-81.146-403.594-399.323zM459.115 536.124l-53.385-51.25 187.917-187.917 53.385 53.385-187.917 185.781z"
          ],
          "isMulticolor": false,
          "isMulticolor2": false,
          "tags": [
            "evt_pin-alt-on"
          ],
          "defaultCode": 59690,
          "grid": 0
        },
        {
          "id": 111,
          "paths": [
            "M153.75 807.321c-14.948 14.948-10.677 38.438 4.271 55.521l29.896 29.896 151.615-151.615-59.791-59.791zM813.595 209.404c-117.448-117.448-305.365-117.448-422.813 0-72.604 72.604-98.229 170.834-83.281 264.792l-68.334 68.334c-17.084 17.084-17.084 44.844 0 59.791l181.51 181.51c17.084 17.084 44.844 17.084 59.791 0l68.334-68.334c91.823 17.084 192.188-10.677 264.792-83.281 117.448-117.448 117.448-307.5 0-422.813zM565.886 630.082l-44.844-8.541-70.469 70.469-121.719-121.719 70.469-70.469-8.541-44.844c-12.813-68.334 10.677-138.803 59.791-187.917 83.281-83.281 217.813-83.281 301.094 0s83.281 217.813 0 301.094c-46.979 51.25-117.448 74.74-185.781 61.927z"
          ],
          "isMulticolor": false,
          "isMulticolor2": false,
          "tags": [
            "evt_pin-off"
          ],
          "defaultCode": 59691,
          "grid": 0
        },
        {
          "id": 112,
          "paths": [
            "M153.75 807.321c-14.948 14.948-10.677 38.438 4.271 55.521l29.896 29.896 151.615-151.615-59.791-59.791zM813.595 209.404c-117.448-117.448-305.365-117.448-422.813 0-72.604 72.604-98.229 170.834-83.281 264.792l-68.334 68.334c-17.084 17.084-17.084 44.844 0 59.791l181.51 181.51c17.084 17.084 44.844 17.084 59.791 0l68.334-68.334c91.823 17.084 192.188-10.677 264.792-83.281 117.448-117.448 117.448-307.5 0-422.813z"
          ],
          "isMulticolor": false,
          "isMulticolor2": false,
          "tags": [
            "evt_pin-on"
          ],
          "defaultCode": 59692,
          "grid": 0
        },
        {
          "id": 65,
          "paths": [
            "M680.282 269.088c0 4.583-2.292 9.743-5.732 13.182l-225.231 225.231 225.231 225.231c3.438 3.438 5.732 8.595 5.732 13.182s-2.292 9.743-5.732 13.182l-28.655 28.655c-3.438 3.438-8.595 5.732-13.182 5.732s-9.743-2.292-13.182-5.732l-267.068-267.068c-3.438-3.438-5.732-8.595-5.732-13.182s2.292-9.743 5.732-13.182l267.068-267.068c3.438-3.438 8.595-5.732 13.182-5.732s9.743 2.292 13.182 5.732l28.655 28.655c3.438 3.438 5.732 8.024 5.732 13.182z"
          ],
          "isMulticolor": false,
          "isMulticolor2": false,
          "tags": [
            "evt_previous"
          ],
          "defaultCode": 61700,
          "grid": 0
        },
        {
          "id": 113,
          "paths": [
            "M661.979 595.915h-34.166l-12.813-10.677c42.709-49.115 66.198-111.041 66.198-181.51 0-153.75-123.854-277.604-277.604-277.604s-275.469 123.854-275.469 277.604 123.854 277.604 277.604 277.604c68.334 0 132.396-25.625 181.51-66.198l10.677 10.677v34.166l213.542 213.542 64.063-64.063-213.542-213.542zM405.729 595.915c-106.771 0-192.188-85.416-192.188-192.188s85.416-192.188 192.188-192.188 192.188 85.416 192.188 192.188-85.416 192.188-192.188 192.188z"
          ],
          "isMulticolor": false,
          "isMulticolor2": false,
          "tags": [
            "evt_search"
          ],
          "defaultCode": 59693,
          "grid": 0
        },
        {
          "id": 64,
          "paths": [
            "M799.48 498.32c0 4.583-2.292 9.743-5.732 13.182l-267.068 267.068c-3.438 3.438-8.595 5.732-13.182 5.732s-9.743-2.292-13.182-5.732l-267.068-267.068c-3.438-3.438-5.732-8.595-5.732-13.182s2.292-9.743 5.732-13.182l28.655-28.655c3.438-3.438 8.024-5.732 13.182-5.732 4.583 0 9.743 2.292 13.182 5.732l225.231 225.231 225.231-225.231c3.438-3.438 8.595-5.732 13.182-5.732s9.743 2.292 13.182 5.732l28.655 28.655c3.438 3.438 5.732 8.595 5.732 13.182zM799.48 278.247c0 4.583-2.292 9.743-5.732 13.182l-267.068 267.068c-3.438 3.438-8.595 5.732-13.182 5.732s-9.743-2.292-13.182-5.732l-267.068-267.068c-3.438-3.438-5.732-8.595-5.732-13.182s2.292-9.743 5.732-13.182l28.655-28.655c3.438-3.438 8.024-5.732 13.182-5.732 4.583 0 9.743 2.292 13.182 5.732l225.231 225.231 225.231-225.231c3.438-3.438 8.595-5.732 13.182-5.732s9.743 2.292 13.182 5.732l28.655 28.655c3.438 3.438 5.732 8.595 5.732 13.182z"
          ],
          "isMulticolor": false,
          "isMulticolor2": false,
          "tags": [
            "evt_search-results-close"
          ],
          "defaultCode": 61699,
          "grid": 0
        },
        {
          "id": 63,
          "paths": [
            "M799.48 736.735c0 4.583-2.292 9.743-5.732 13.182l-28.655 28.655c-3.438 3.438-8.024 5.732-13.182 5.732-4.583 0-9.743-2.292-13.182-5.732l-225.231-225.231-225.231 225.231c-3.438 3.438-8.595 5.732-13.182 5.732s-9.743-2.292-13.182-5.732l-28.655-28.655c-3.438-3.438-5.732-8.595-5.732-13.182s2.292-9.743 5.732-13.182l267.068-267.068c3.438-3.438 8.595-5.732 13.182-5.732s9.743 2.292 13.182 5.732l267.068 267.068c3.438 3.438 5.732 8.595 5.732 13.182zM799.48 516.663c0 4.583-2.292 9.743-5.732 13.182l-28.655 28.655c-3.438 3.438-8.024 5.732-13.182 5.732-4.583 0-9.743-2.292-13.182-5.732l-225.231-225.231-225.231 225.231c-3.438 3.438-8.595 5.732-13.182 5.732s-9.743-2.292-13.182-5.732l-28.655-28.655c-3.438-3.438-5.732-8.595-5.732-13.182s2.292-9.743 5.732-13.182l267.068-267.068c3.438-3.438 8.595-5.732 13.182-5.732s9.743 2.292 13.182 5.732l267.068 267.068c3.438 3.438 5.732 8.595 5.732 13.182z"
          ],
          "isMulticolor": false,
          "isMulticolor2": false,
          "tags": [
            "evt_search-results-open"
          ],
          "defaultCode": 61698,
          "grid": 0
        },
        {
          "id": 127,
          "paths": [
            "M170.834 467.79h213.542v-256.25h-213.542v256.25zM170.834 766.749h213.542v-256.25h-213.542v256.25zM427.084 766.749h213.542v-256.25h-213.542v256.25zM683.334 766.749h213.542v-256.25h-213.542v256.25zM427.084 467.79h213.542v-256.25h-213.542v256.25zM683.334 211.54v256.25h213.542v-256.25h-213.542z"
          ],
          "isMulticolor": false,
          "isMulticolor2": false,
          "tags": [
            "evt_thumbnails"
          ],
          "defaultCode": 59707,
          "grid": 0
        },
        {
          "id": 114,
          "paths": [
            "M392.917 166.696h-179.375c-46.979 0-85.416 32.031-85.416 72.604v582.969c0 40.573 38.438 72.604 85.416 72.604h597.917c46.979 0 85.416-32.031 85.416-72.604v-582.969c0-40.573-38.438-72.604-85.416-72.604h-179.375zM811.459 809.457h-597.917v-555.209h597.917v555.209zM305.365 499.821h412.135v64.063h-412.135v-64.063zM305.365 393.051h412.135v64.063h-412.135v-64.063zM305.365 606.592h412.135v64.063h-412.135v-64.063z"
          ],
          "isMulticolor": false,
          "isMulticolor2": false,
          "tags": [
            "evt_txt"
          ],
          "defaultCode": 59694,
          "grid": 0
        },
        {
          "id": 115,
          "paths": [
            "M555.209 510.499h298.959v64.063h-298.959v-64.063zM555.209 403.727h298.959v64.063h-298.959v-64.063zM555.209 617.27h298.959v64.063h-298.959v-64.063zM896.876 168.832h-768.751c-46.979 0-85.416 38.438-85.416 85.416v555.209c0 46.979 38.438 85.416 85.416 85.416h768.751c46.979 0 85.416-38.438 85.416-85.416v-555.209c0-46.979-38.438-85.416-85.416-85.416zM896.876 809.457h-384.375v-555.209h384.375v555.209zM138.803 510.499h298.959v64.063h-298.959v-64.063zM138.803 403.727h298.959v64.063h-298.959v-64.063zM138.803 617.27h298.959v64.063h-298.959v-64.063z"
          ],
          "isMulticolor": false,
          "isMulticolor2": false,
          "tags": [
            "evt_txttxt"
          ],
          "defaultCode": 59695,
          "grid": 0
        },
        {
          "id": 120,
          "paths": [
            "M128.125 809.457l64.063 64.063 213.542-213.542v-34.166l10.677-10.677c49.115 42.709 111.041 66.198 181.51 66.198 153.75 0 277.604-123.854 277.604-277.604s-123.854-277.604-277.604-277.604-277.604 123.854-277.604 277.604c0 68.334 25.625 132.396 66.198 181.51l-10.677 10.677h-34.166l-213.542 213.542zM405.729 403.727c0-106.771 85.416-192.188 192.188-192.188s192.188 85.416 192.188 192.188-85.416 192.188-192.188 192.188-192.188-85.416-192.188-192.188z"
          ],
          "isMulticolor": false,
          "isMulticolor2": false,
          "tags": [
            "evt_zoom"
          ],
          "defaultCode": 59700,
          "grid": 0
        },
        {
          "id": 116,
          "paths": [
            "M138.803 809.457l64.063 64.063 213.542-213.542v-34.166l10.677-12.813c49.115 42.709 111.041 66.198 181.51 66.198 153.75 0 277.604-123.854 277.604-277.604s-123.854-277.604-277.604-277.604c-153.75 0-277.604 123.854-277.604 277.604 0 68.334 25.625 132.396 66.198 181.51l-10.677 12.813h-34.166l-213.542 213.542zM416.407 403.727c0-106.771 85.416-192.188 192.188-192.188s192.188 85.416 192.188 192.188-85.416 192.188-192.188 192.188-192.188-85.416-192.188-192.188zM501.823 382.373h85.416v-85.416h42.709v85.416h85.416v42.709h-85.416v85.416h-42.709v-85.416h-85.416v-42.709z"
          ],
          "isMulticolor": false,
          "isMulticolor2": false,
          "tags": [
            "evt_zoom-fit"
          ],
          "defaultCode": 59696,
          "grid": 0
        },
        {
          "id": 119,
          "paths": [
            "M657.709 531.852v-256.25h-42.709l-85.416 42.709v42.709h64.063v170.834h64.063zM149.479 809.457l64.063 64.063 213.542-213.542v-34.166l10.677-10.677c49.115 42.709 111.041 66.198 181.51 66.198 153.75 0 277.604-123.854 277.604-277.604s-123.854-277.604-277.604-277.604-277.604 123.854-277.604 277.604c0 68.334 25.625 132.396 66.198 181.51l-10.677 10.677h-34.166l-213.542 213.542zM427.084 403.727c0-106.771 85.416-192.188 192.188-192.188s192.188 85.416 192.188 192.188-85.416 192.188-192.188 192.188-192.188-85.416-192.188-192.188z"
          ],
          "isMulticolor": false,
          "isMulticolor2": false,
          "tags": [
            "evt_zoom-in"
          ],
          "defaultCode": 59699,
          "grid": 0
        },
        {
          "id": 118,
          "paths": [
            "M128.125 809.457l64.063 64.063 213.542-213.542v-34.166l10.677-12.813c49.115 42.709 111.041 66.198 181.51 66.198 153.75 0 277.604-123.854 277.604-277.604s-123.854-277.604-277.604-277.604c-153.75 0-277.604 123.854-277.604 277.604 0 68.334 25.625 132.396 66.198 181.51l-10.677 12.813h-34.166l-213.542 213.542zM405.729 403.727c0-106.771 85.416-192.188 192.188-192.188s192.188 85.416 192.188 192.188-85.416 192.188-192.188 192.188-192.188-85.416-192.188-192.188zM704.688 425.082h-213.542v-42.709h213.542v42.709z"
          ],
          "isMulticolor": false,
          "isMulticolor2": false,
          "tags": [
            "evt_zoom-out"
          ],
          "defaultCode": 59698,
          "grid": 0
        },
        {
          "id": 117,
          "paths": [
            "M149.479 809.457l64.063 64.063 213.542-213.542v-34.166l10.677-10.677c49.115 42.709 111.041 66.198 181.51 66.198 153.75 0 277.604-123.854 277.604-277.604s-123.854-277.604-277.604-277.604-277.604 123.854-277.604 277.604c0 68.334 25.625 132.396 66.198 181.51l-10.677 10.677h-34.166l-213.542 213.542zM427.084 403.727c0-106.771 85.416-192.188 192.188-192.188s192.188 85.416 192.188 192.188-85.416 192.188-192.188 192.188-192.188-85.416-192.188-192.188zM721.772 269.196h-59.791v29.896h59.791v59.791h29.896v-59.791c0-17.084-12.813-29.896-29.896-29.896zM721.772 508.363h-59.791v29.896h59.791c17.084 0 29.896-12.813 29.896-29.896v-59.791h-29.896v59.791zM512.5 448.571h-29.896v59.791c0 17.084 12.813 29.896 29.896 29.896h59.791v-29.896h-59.791v-59.791zM480.469 299.092v59.791h32.031v-59.791h59.791v-29.896h-59.791c-17.084 0-32.031 12.813-32.031 29.896z"
          ],
          "isMulticolor": false,
          "isMulticolor2": false,
          "tags": [
            "evt_zoom-reset"
          ],
          "defaultCode": 59697,
          "grid": 0
        },
        {
          "id": 129,
          "paths": [
            "M356.615 574.561h177.24l-87.553-234.896-89.688 234.896zM854.167 83.414h-683.334c-46.979 0-85.416 38.438-85.416 85.416v683.334c0 46.979 38.438 85.416 85.416 85.416h683.334c46.979 0 85.416-38.438 85.416-85.416v-683.334c0-46.979-38.438-85.416-85.416-85.416zM615.001 788.103l-49.115-128.125h-241.303l-46.979 128.125h-89.688l217.813-555.209h79.010l219.948 555.209h-89.688zM721.772 442.165c-55.521 0-104.635-34.166-123.854-81.146h46.979c17.084 25.625 44.844 40.573 79.010 40.573 53.385 0 96.094-42.709 96.094-96.094s-42.709-96.094-96.094-96.094c-36.302 0-68.334 21.354-83.281 51.25l42.709 42.709h-108.906v-106.771l36.302 36.302c21.354-38.438 64.063-64.063 111.041-64.063 74.74 0 136.666 61.927 136.666 136.666s-61.927 136.666-136.666 136.666z"
          ],
          "isMulticolor": false,
          "isMulticolor2": false,
          "tags": [
            "evt_zoom-reset"
          ],
          "defaultCode": 59705,
          "grid": 0
        }
      ],
      "invisible": false
    }
  ],
  "uid": -1,
  "preferences": {
    "showGlyphs": true,
    "showCodes": true,
    "showQuickUse": true,
    "showQuickUse2": true,
    "showSVGs": true,
    "fontPref": {
      "prefix": "icon-",
      "metadata": {
        "fontFamily": "evt",
        "majorVersion": 1,
        "minorVersion": 0
      },
      "metrics": {
        "emSize": 1024,
        "baseline": 6.35386119257087,
        "whitespace": 43.988269794721404
      },
      "embed": false,
      "showSelector": true,
      "selector": "",
      "classSelector": ".icon"
    },
    "imagePref": {
      "prefix": "icon-",
      "png": true,
      "useClassSelector": true,
      "color": 0,
      "bgColor": 16777215,
      "name": "icomoon",
      "classSelector": ".icon",
      "height": 32,
      "columns": 16,
      "margin": 16
    },
    "historySize": 50,
    "gridSize": 16
  }
}