<?xml version="1.0" encoding="UTF-8"?>
<?xml-model href="../text/schema/viscoll-datamodel2.0.rng" type="application/xml" schematypens="http://relaxng.org/ns/structure/1.0"?>
<viscoll xmlns:tei="http://www.tei-c.org/ns/1.0" xmlns="http://schoenberginstitute.org/schema/collation">
<textblock>
<url/>
<title>Vercelli Book</title>
<shelfmark>VB</shelfmark>
<direction val="l-r"/>

<quires>
<!--<quire xml:id="VB-q-1" n="1">1</quire>
<quire xml:id="VB-q-2" n="2">2</quire>
<quire xml:id="VB-q-3" n="3">3</quire>
<quire xml:id="VB-q-4" n="4">4</quire>
<quire xml:id="VB-q-5" n="5">5</quire>
<quire xml:id="VB-q-6" n="6">6</quire>
<quire xml:id="VB-q-7" n="7">7</quire>
<quire xml:id="VB-q-8" n="8">8</quire>
<quire xml:id="VB-q-9" n="9">9</quire>
<quire xml:id="VB-q-10" n="10">10</quire>
<quire xml:id="VB-q-11" n="11">11</quire>
<quire xml:id="VB-q-12" n="12">12</quire>
<quire xml:id="VB-q-13" n="13">13</quire>-->
<quire xml:id="VB-q-14" n="14">14</quire>
<quire xml:id="VB-q-15" n="15">15</quire>
<!--<quire xml:id="VB-q-16" n="16">16</quire>-->
<!--<quire xml:id="VB-q-17" n="17">17</quire>
<quire xml:id="VB-q-18" n="18">18</quire>
<quire xml:id="VB-q-19" n="19">19</quire>-->
</quires>


<!--
<leaf xml:id="VB-1-1">
	<folioNumber certainty="1" val="1">1</folioNumber>
	<mode certainty="1" val="original"/>
	<q target="#VB-q-1" leafno="1" position="1" n="1">
		<conjoin certainty="1" target="#VB-1-10"/>
   </q>
</leaf>
<leaf xml:id="VB-1-2"><folioNumber certainty="1" val="2">2</folioNumber><mode certainty="1" val="original"/><q target="#VB-q-1" leafno="2" position="2" n="1"><conjoin certainty="1" target="#VB-1-9"/></q></leaf>
<leaf xml:id="VB-1-3"><folioNumber certainty="1" val="3">3</folioNumber><mode certainty="1" val="original"/><q target="#VB-q-1" leafno="3" position="3" n="1"><conjoin certainty="1" target="#VB-1-8"/></q></leaf>
<leaf xml:id="VB-1-4"><folioNumber certainty="1" val="4">4</folioNumber><mode certainty="1" val="original"/><q target="#VB-q-1" leafno="4" position="4" n="1"><conjoin certainty="1" target="#VB-1-7"/></q></leaf>
<leaf xml:id="VB-1-5"><folioNumber certainty="1" val="5">5</folioNumber><mode certainty="1" val="original"/><q target="#VB-q-1" leafno="5" position="5" n="1"><conjoin certainty="1" target="#VB-1-6"/></q></leaf>
<leaf xml:id="VB-1-6"><folioNumber certainty="1" val="6">6</folioNumber><mode certainty="1" val="original"/><q target="#VB-q-1" leafno="6" position="6" n="1"><conjoin certainty="1" target="#VB-1-5"/></q></leaf>
<leaf xml:id="VB-1-7"><mode certainty="1" val="notLeaf"/><q target="#VB-q-1" leafno="7" position="7" n="1"><conjoin certainty="1" target="#VB-1-4"/></q></leaf>
<leaf xml:id="VB-1-8"><folioNumber certainty="1" val="7">7</folioNumber><mode certainty="1" val="original"/><q target="#VB-q-1" leafno="8" position="8" n="1"><conjoin certainty="1" target="#VB-1-3"/></q></leaf>
<leaf xml:id="VB-1-9"><folioNumber certainty="1" val="8">8</folioNumber><mode certainty="1" val="original"/><q target="#VB-q-1" leafno="9" position="9" n="1"><conjoin certainty="1" target="#VB-1-2"/></q></leaf>
<leaf xml:id="VB-1-10"><folioNumber certainty="1" val="9">9</folioNumber><mode certainty="1" val="original"/><q target="#VB-q-1" leafno="10" position="10" n="1"><conjoin certainty="1" target="#VB-1-1"/></q></leaf>


<leaf xml:id="VB-2-1"><folioNumber certainty="1" val="10">10</folioNumber><mode certainty="1" val="original"/><q target="#VB-q-2" leafno="1" position="1" n="2"><conjoin certainty="1" target="#VB-2-12"/></q></leaf>
<leaf xml:id="VB-2-2"><folioNumber certainty="1" val="11">11</folioNumber><mode certainty="1" val="original"/><q target="#VB-q-2" leafno="2" position="2" n="2"><conjoin certainty="1" target="#VB-2-11"/></q></leaf>
<leaf xml:id="VB-2-3"><folioNumber certainty="1" val="12">12</folioNumber><mode certainty="1" val="original"/><q target="#VB-q-2" leafno="3" position="3" n="2"><conjoin certainty="1" target="#VB-2-10"/></q></leaf>
<leaf xml:id="VB-2-4"><mode certainty="1" val="notLeaf"/><q target="#VB-q-2" leafno="4" position="4" n="2"><conjoin certainty="1" target="#VB-2-9"/></q></leaf>
<leaf xml:id="VB-2-5"><folioNumber certainty="1" val="13">13</folioNumber><mode certainty="1" val="original"/><q target="#VB-q-2" leafno="5" position="5" n="2"><conjoin certainty="1" target="#VB-2-8"/></q></leaf>
<leaf xml:id="VB-2-6"><folioNumber certainty="1" val="14">14</folioNumber><mode certainty="1" val="original"/><q target="#VB-q-2" leafno="6" position="6" n="2"><conjoin certainty="1" target="#VB-2-7"/></q></leaf>
<leaf xml:id="VB-2-7"><folioNumber certainty="1" val="15">15</folioNumber><mode certainty="1" val="original"/><q target="#VB-q-2" leafno="7" position="7" n="2"><conjoin certainty="1" target="#VB-2-6"/></q></leaf>
<leaf xml:id="VB-2-8"><mode certainty="1" val="notLeaf"/><q target="#VB-q-2" leafno="8" position="8" n="2"><conjoin certainty="1" target="#VB-2-5"/></q></leaf>
<leaf xml:id="VB-2-9"><folioNumber certainty="1" val="16">16</folioNumber><mode certainty="1" val="original"/><q target="#VB-q-2" leafno="9" position="9" n="2"><conjoin certainty="1" target="#VB-2-4"/></q></leaf>
<leaf xml:id="VB-2-10"><folioNumber certainty="1" val="17">17</folioNumber><mode certainty="1" val="original"/><q target="#VB-q-2" leafno="10" position="10" n="2"><conjoin certainty="1" target="#VB-2-3"/></q></leaf>
<leaf xml:id="VB-2-11"><mode certainty="1" val="notLeaf"/><q target="#VB-q-2" leafno="11" position="11" n="2"><conjoin certainty="1" target="#VB-2-2"/></q></leaf>
<leaf xml:id="VB-2-12"><folioNumber certainty="1" val="18">18</folioNumber><mode certainty="1" val="original"/><q target="#VB-q-2" leafno="12" position="12" n="2"><conjoin certainty="1" target="#VB-2-1"/></q></leaf>


<leaf xml:id="VB-3-1"><folioNumber certainty="1" val="19">19</folioNumber><mode certainty="1" val="original"/><q target="#VB-q-3" leafno="1" position="1" n="3"><conjoin certainty="1" target="#VB-3-8"/></q></leaf>
<leaf xml:id="VB-3-2"><folioNumber certainty="1" val="20">20</folioNumber><mode certainty="1" val="original"/><q target="#VB-q-3" leafno="2" position="2" n="3"><conjoin certainty="1" target="#VB-3-7"/></q></leaf>
<leaf xml:id="VB-3-3"><folioNumber certainty="1" val="21">21</folioNumber><mode certainty="1" val="original"/><q target="#VB-q-3" leafno="3" position="3" n="3"><conjoin certainty="1" target="#VB-3-6"/></q></leaf>
<leaf xml:id="VB-3-4"><folioNumber certainty="1" val="22">22</folioNumber><mode certainty="1" val="original"/><q target="#VB-q-3" leafno="4" position="4" n="3"><conjoin certainty="1" target="#VB-3-5"/></q></leaf>
<leaf xml:id="VB-3-5"><folioNumber certainty="1" val="23">23</folioNumber><mode certainty="1" val="original"/><q target="#VB-q-3" leafno="5" position="5" n="3"><conjoin certainty="1" target="#VB-3-4"/></q></leaf>
<leaf xml:id="VB-3-6"><mode certainty="1" val="notLeaf"/><q target="#VB-q-3" leafno="6" position="6" n="3"><conjoin certainty="1" target="#VB-3-3"/></q></leaf>
<leaf xml:id="VB-3-7"><folioNumber certainty="1" val="24">24</folioNumber><mode certainty="1" val="original"/><q target="#VB-q-3" leafno="7" position="7" n="3"><conjoin certainty="1" target="#VB-3-2"/></q></leaf>
<leaf xml:id="VB-3-8"><mode certainty="1" val="notLeaf"/><q target="#VB-q-3" leafno="8" position="8" n="3"><conjoin certainty="1" target="#VB-3-1"/></q></leaf>

<leaf xml:id="VB-4-1"><folioNumber certainty="1" val="25">25</folioNumber><mode certainty="1" val="original"/><q target="#VB-q-4" leafno="1" position="1" n="4"><conjoin certainty="1" target="#VB-4-10"/></q></leaf>
<leaf xml:id="VB-4-2"><folioNumber certainty="1" val="26">26</folioNumber><mode certainty="1" val="original"/><q target="#VB-q-4" leafno="2" position="2" n="4"><conjoin certainty="1" target="#VB-4-9"/></q></leaf>
<leaf xml:id="VB-4-3"><mode certainty="1" val="notLeaf"/><q target="#VB-q-4" leafno="3" position="3" n="4"><conjoin certainty="1" target="#VB-4-8"/></q></leaf>
<leaf xml:id="VB-4-4"><folioNumber certainty="1" val="27">27</folioNumber><mode certainty="1" val="original"/><q target="#VB-q-4" leafno="4" position="4" n="4"><conjoin certainty="1" target="#VB-4-7"/></q></leaf>
<leaf xml:id="VB-4-5"><folioNumber certainty="1" val="28">28</folioNumber><mode certainty="1" val="original"/><q target="#VB-q-4" leafno="5" position="5" n="4"><conjoin certainty="1" target="#VB-4-6"/></q></leaf>
<leaf xml:id="VB-4-6"><folioNumber certainty="1" val="29">29</folioNumber><mode certainty="1" val="original"/><q target="#VB-q-4" leafno="6" position="6" n="4"><conjoin certainty="1" target="#VB-4-5"/></q></leaf>
<leaf xml:id="VB-4-7"><mode certainty="1" val="notLeaf"/><q target="#VB-q-4" leafno="7" position="7" n="4"><conjoin certainty="1" target="#VB-4-4"/></q></leaf>
<leaf xml:id="VB-4-8"><folioNumber certainty="1" val="30">30</folioNumber><mode certainty="1" val="original"/><q target="#VB-q-4" leafno="8" position="8" n="4"><conjoin certainty="1" target="#VB-4-3"/></q></leaf>
<leaf xml:id="VB-4-9"><folioNumber certainty="1" val="31">31</folioNumber><mode certainty="1" val="original"/><q target="#VB-q-4" leafno="9" position="9" n="4"><conjoin certainty="1" target="#VB-4-2"/></q></leaf>
<leaf xml:id="VB-4-10"><folioNumber certainty="1" val="32">32</folioNumber><mode certainty="1" val="original"/><q target="#VB-q-4" leafno="10" position="10" n="4"><conjoin certainty="1" target="#VB-4-1"/></q></leaf>

<leaf xml:id="VB-5-1"><folioNumber certainty="1" val="33">33</folioNumber><mode certainty="1" val="original"/><q target="#VB-q-5" leafno="1" position="1" n="5"><conjoin certainty="1" target="#VB-5-10"/></q></leaf>
<leaf xml:id="VB-5-2"><folioNumber certainty="1" val="34">34</folioNumber><mode certainty="1" val="original"/><q target="#VB-q-5" leafno="2" position="2" n="5"><conjoin certainty="1" target="#VB-5-9"/></q></leaf>
<leaf xml:id="VB-5-3"><folioNumber certainty="1" val="35">35</folioNumber><mode certainty="1" val="original"/><q target="#VB-q-5" leafno="3" position="3" n="5"><conjoin certainty="1" target="#VB-5-8"/></q></leaf>
<leaf xml:id="VB-5-4"><mode certainty="1" val="notLeaf"/><q target="#VB-q-5" leafno="4" position="4" n="5"><conjoin certainty="1" target="#VB-5-7"/></q></leaf>
<leaf xml:id="VB-5-5"><folioNumber certainty="1" val="36">36</folioNumber><mode certainty="1" val="original"/><q target="#VB-q-5" leafno="5" position="5" n="5"><conjoin certainty="1" target="#VB-5-6"/></q></leaf>
<leaf xml:id="VB-5-6"><folioNumber certainty="1" val="37">37</folioNumber><mode certainty="1" val="original"/><q target="#VB-q-5" leafno="6" position="6" n="5"><conjoin certainty="1" target="#VB-5-5"/></q></leaf>
<leaf xml:id="VB-5-7"><folioNumber certainty="1" val="38">38</folioNumber><mode certainty="1" val="original"/><q target="#VB-q-5" leafno="7" position="7" n="5"><conjoin certainty="1" target="#VB-5-4"/></q></leaf>
<leaf xml:id="VB-5-8"><mode certainty="1" val="notLeaf"/><q target="#VB-q-5" leafno="8" position="8" n="5"><conjoin certainty="1" target="#VB-5-3"/></q></leaf>
<leaf xml:id="VB-5-9"><folioNumber certainty="1" val="39">39</folioNumber><mode certainty="1" val="original"/><q target="#VB-q-5" leafno="9" position="9" n="5"><conjoin certainty="1" target="#VB-5-2"/></q></leaf>
<leaf xml:id="VB-5-10"><folioNumber certainty="1" val="40">40</folioNumber><mode certainty="1" val="original"/><q target="#VB-q-5" leafno="10" position="10" n="5"><conjoin certainty="1" target="#VB-5-1"/></q></leaf>

<leaf xml:id="VB-6-1"><folioNumber certainty="1" val="41">41</folioNumber><mode certainty="1" val="original"/><q target="#VB-q-6" leafno="1" position="1" n="6"><conjoin certainty="1" target="#VB-6-8"/></q></leaf>
<leaf xml:id="VB-6-2"><folioNumber certainty="1" val="42">42</folioNumber><mode certainty="1" val="original"/><q target="#VB-q-6" leafno="2" position="2" n="6"><conjoin certainty="1" target="#VB-6-7"/></q></leaf>
<leaf xml:id="VB-6-3"><mode certainty="1" val="missing"/><q target="#VB-q-6" leafno="3" position="3" n="6"><conjoin certainty="1" target="#VB-6-6"/></q></leaf>
<leaf xml:id="VB-6-4"><folioNumber certainty="1" val="43">43</folioNumber><mode certainty="1" val="original"/><q target="#VB-q-6" leafno="4" position="4" n="6"><conjoin certainty="1" target="#VB-6-5"/></q></leaf>
<leaf xml:id="VB-6-5"><folioNumber certainty="1" val="44">44</folioNumber><mode certainty="1" val="original"/><q target="#VB-q-6" leafno="5" position="5" n="6"><conjoin certainty="1" target="#VB-6-4"/></q></leaf>
<leaf xml:id="VB-6-6"><folioNumber certainty="1" val="45">45</folioNumber><mode certainty="1" val="original"/><q target="#VB-q-6" leafno="6" position="6" n="6"><conjoin certainty="1" target="#VB-6-3"/></q></leaf>
<leaf xml:id="VB-6-7"><folioNumber certainty="1" val="46">46</folioNumber><mode certainty="1" val="original"/><q target="#VB-q-6" leafno="7" position="7" n="6"><conjoin certainty="1" target="#VB-6-2"/></q></leaf>
<leaf xml:id="VB-6-8"><folioNumber certainty="1" val="47">47</folioNumber><mode certainty="1" val="original"/><q target="#VB-q-6" leafno="8" position="8" n="6"><conjoin certainty="1" target="#VB-6-1"/></q></leaf>

<leaf xml:id="VB-7-1"><folioNumber certainty="1" val="48">48</folioNumber><mode certainty="1" val="original"/><q target="#VB-q-7" leafno="1" position="1" n="7"><conjoin certainty="1" target="#VB-7-10"/></q></leaf>
<leaf xml:id="VB-7-2"><folioNumber certainty="1" val="49">49</folioNumber><mode certainty="1" val="original"/><q target="#VB-q-7" leafno="2" position="2" n="7"><conjoin certainty="1" target="#VB-7-9"/></q></leaf>
<leaf xml:id="VB-7-3"><folioNumber certainty="1" val="50">50</folioNumber><mode certainty="1" val="original"/><q target="#VB-q-7" leafno="3" position="3" n="7"><conjoin certainty="1" target="#VB-7-8"/></q></leaf>
<leaf xml:id="VB-7-4"><mode certainty="1" val="notLeaf"/><q target="#VB-q-7" leafno="4" position="4" n="7"><conjoin certainty="1" target="#VB-7-7"/></q></leaf>
<leaf xml:id="VB-7-5"><folioNumber certainty="1" val="51">51</folioNumber><mode certainty="1" val="original"/><q target="#VB-q-7" leafno="5" position="5" n="7"><conjoin certainty="1" target="#VB-7-6"/></q></leaf>
<leaf xml:id="VB-7-6"><folioNumber certainty="1" val="52">52</folioNumber><mode certainty="1" val="original"/><q target="#VB-q-7" leafno="6" position="6" n="7"><conjoin certainty="1" target="#VB-7-5"/></q></leaf>
<leaf xml:id="VB-7-7"><folioNumber certainty="1" val="53">53</folioNumber><mode certainty="1" val="original"/><q target="#VB-q-7" leafno="7" position="7" n="7"><conjoin certainty="1" target="#VB-7-4"/></q></leaf>
<leaf xml:id="VB-7-8"><mode certainty="1" val="notLeaf"/><q target="#VB-q-7" leafno="8" position="8" n="7"><conjoin certainty="1" target="#VB-7-3"/></q></leaf>
<leaf xml:id="VB-7-9"><folioNumber certainty="1" val="54">54</folioNumber><mode certainty="1" val="original"/><q target="#VB-q-7" leafno="9" position="9" n="7"><conjoin certainty="1" target="#VB-7-2"/></q></leaf>
<leaf xml:id="VB-7-10"><folioNumber certainty="1" val="55">55</folioNumber><mode certainty="1" val="original"/><q target="#VB-q-7" leafno="10" position="10" n="7"><conjoin certainty="1" target="#VB-7-1"/></q></leaf>

<leaf xml:id="VB-8-1"><mode certainty="1" val="missing"/><q target="#VB-q-8" leafno="1" position="1" n="8"><conjoin certainty="1" target="#VB-8-12"/></q></leaf>
<leaf xml:id="VB-8-2"><folioNumber certainty="1" val="56">56</folioNumber><mode certainty="1" val="original"/><q target="#VB-q-8" leafno="2" position="2" n="8"><conjoin certainty="1" target="#VB-8-11"/></q></leaf>
<leaf xml:id="VB-8-3"><folioNumber certainty="1" val="57">57</folioNumber><mode certainty="1" val="original"/><q target="#VB-q-8" leafno="3" position="3" n="8"><conjoin certainty="1" target="#VB-8-10"/></q></leaf>
<leaf xml:id="VB-8-4"><mode certainty="1" val="notLeaf"/><q target="#VB-q-8" leafno="4" position="4" n="8"><conjoin certainty="1" target="#VB-8-9"/></q></leaf>
<leaf xml:id="VB-8-5"><folioNumber certainty="1" val="58">58</folioNumber><mode certainty="1" val="original"/><q target="#VB-q-8" leafno="5" position="5" n="8"><conjoin certainty="1" target="#VB-8-8"/></q></leaf>
<leaf xml:id="VB-8-6"><folioNumber certainty="1" val="59">59</folioNumber><mode certainty="1" val="original"/><q target="#VB-q-8" leafno="6" position="6" n="8"><conjoin certainty="1" target="#VB-8-7"/></q></leaf>
<leaf xml:id="VB-8-7"><folioNumber certainty="1" val="60">60</folioNumber><mode certainty="1" val="original"/><q target="#VB-q-8" leafno="7" position="7" n="8"><conjoin certainty="1" target="#VB-8-6"/></q></leaf>
<leaf xml:id="VB-8-8"><mode certainty="1" val="notLeaf"/><q target="#VB-q-8" leafno="8" position="8" n="8"><conjoin certainty="1" target="#VB-8-5"/></q></leaf>
<leaf xml:id="VB-8-9"><folioNumber certainty="1" val="61">61</folioNumber><mode certainty="1" val="original"/><q target="#VB-q-8" leafno="9" position="9" n="8"><conjoin certainty="1" target="#VB-8-4"/></q></leaf>
<leaf xml:id="VB-8-10"><folioNumber certainty="1" val="62">62</folioNumber><mode certainty="1" val="original"/><q target="#VB-q-8" leafno="10" position="10" n="8"><conjoin certainty="1" target="#VB-8-3"/></q></leaf>
<leaf xml:id="VB-8-11"><folioNumber certainty="1" val="63">63</folioNumber><mode certainty="1" val="original"/><q target="#VB-q-8" leafno="11" position="11" n="8"><conjoin certainty="1" target="#VB-8-2"/></q></leaf>
<leaf xml:id="VB-8-12"><mode certainty="1" val="missing"/><q target="#VB-q-8" leafno="12" position="12" n="8"><conjoin certainty="1" target="#VB-8-1"/></q></leaf>

<leaf xml:id="VB-9-1"><folioNumber certainty="1" val="64">64</folioNumber><mode certainty="1" val="original"/><q target="#VB-q-9" leafno="1" position="1" n="9"><conjoin certainty="1" target="#VB-9-10"/></q></leaf>
<leaf xml:id="VB-9-2"><folioNumber certainty="1" val="65">65</folioNumber><mode certainty="1" val="original"/><q target="#VB-q-9" leafno="2" position="2" n="9"><conjoin certainty="1" target="#VB-9-9"/></q></leaf>
<leaf xml:id="VB-9-3"><folioNumber certainty="1" val="66">66</folioNumber><mode certainty="1" val="original"/><q target="#VB-q-9" leafno="3" position="3" n="9"><conjoin certainty="1" target="#VB-9-8"/></q></leaf>
<leaf xml:id="VB-9-4"><mode certainty="1" val="notLeaf"/><q target="#VB-q-9" leafno="4" position="4" n="9"><conjoin certainty="1" target="#VB-9-7"/></q></leaf>
<leaf xml:id="VB-9-5"><folioNumber certainty="1" val="67">67</folioNumber><mode certainty="1" val="original"/><q target="#VB-q-9" leafno="5" position="5" n="9"><conjoin certainty="1" target="#VB-9-6"/></q></leaf>
<leaf xml:id="VB-9-6"><folioNumber certainty="1" val="68">68</folioNumber><mode certainty="1" val="original"/><q target="#VB-q-9" leafno="6" position="6" n="9"><conjoin certainty="1" target="#VB-9-5"/></q></leaf>
<leaf xml:id="VB-9-7"><folioNumber certainty="1" val="69">69</folioNumber><mode certainty="1" val="original"/><q target="#VB-q-9" leafno="7" position="7" n="9"><conjoin certainty="1" target="#VB-9-4"/></q></leaf>
<leaf xml:id="VB-9-8"><mode certainty="1" val="notLeaf"/><q target="#VB-q-9" leafno="8" position="8" n="9"><conjoin certainty="1" target="#VB-9-3"/></q></leaf>
<leaf xml:id="VB-9-9"><folioNumber certainty="1" val="70">70</folioNumber><mode certainty="1" val="original"/><q target="#VB-q-9" leafno="9" position="9" n="9"><conjoin certainty="1" target="#VB-9-2"/></q></leaf>
<leaf xml:id="VB-9-10"><folioNumber certainty="1" val="71">71</folioNumber><mode certainty="1" val="original"/><q target="#VB-q-9" leafno="10" position="10" n="9"><conjoin certainty="1" target="#VB-9-1"/></q></leaf>

<leaf xml:id="VB-10-1"><folioNumber certainty="1" val="72">72</folioNumber><mode certainty="1" val="original"/><q target="#VB-q-10" leafno="1" position="1" n="10"><conjoin certainty="1" target="#VB-10-10"/></q></leaf>
<leaf xml:id="VB-10-2"><folioNumber certainty="1" val="73">73</folioNumber><mode certainty="1" val="original"/><q target="#VB-q-10" leafno="2" position="2" n="10"><conjoin certainty="1" target="#VB-10-9"/></q></leaf>
<leaf xml:id="VB-10-3"><folioNumber certainty="1" val="74">74</folioNumber><mode certainty="1" val="original"/><q target="#VB-q-10" leafno="3" position="3" n="10"><conjoin certainty="1" target="#VB-10-8"/></q></leaf>
<leaf xml:id="VB-10-4"><folioNumber certainty="1" val="75">75</folioNumber><mode certainty="1" val="original"/><q target="#VB-q-10" leafno="4" position="4" n="10"><conjoin certainty="1" target="#VB-10-7"/></q></leaf>
<leaf xml:id="VB-10-5"><mode certainty="1" val="missing"/><q target="#VB-q-10" leafno="5" position="5" n="10"><conjoin certainty="1" target="#VB-10-6"/></q></leaf>
<leaf xml:id="VB-10-6"><folioNumber certainty="1" val="76">76</folioNumber><mode certainty="1" val="original"/><q target="#VB-q-10" leafno="6" position="6" n="10"><conjoin certainty="1" target="#VB-10-5"/></q></leaf>
<leaf xml:id="VB-10-7"><folioNumber certainty="1" val="77">77</folioNumber><mode certainty="1" val="original"/><q target="#VB-q-10" leafno="7" position="7" n="10"><conjoin certainty="1" target="#VB-10-4"/></q></leaf>
<leaf xml:id="VB-10-8"><folioNumber certainty="1" val="78">78</folioNumber><mode certainty="1" val="original"/><q target="#VB-q-10" leafno="8" position="8" n="10"><conjoin certainty="1" target="#VB-10-3"/></q></leaf>
<leaf xml:id="VB-10-9"><mode certainty="1" val="notLeaf"/><q target="#VB-q-10" leafno="9" position="9" n="10"><conjoin certainty="1" target="#VB-10-2"/></q></leaf>
<leaf xml:id="VB-10-10"><folioNumber certainty="1" val="79">79</folioNumber><mode certainty="1" val="original"/><q target="#VB-q-10" leafno="10" position="10" n="10"><conjoin certainty="1" target="#VB-10-1"/></q></leaf>

<leaf xml:id="VB-11-1"><folioNumber certainty="1" val="80">80</folioNumber><mode certainty="1" val="original"/><q target="#VB-q-11" leafno="1" position="1" n="11"><conjoin certainty="1" target="#VB-11-10"/></q></leaf>
<leaf xml:id="VB-11-2"><folioNumber certainty="1" val="81">81</folioNumber><mode certainty="1" val="original"/><q target="#VB-q-11" leafno="2" position="2" n="11"><conjoin certainty="1" target="#VB-11-9"/></q></leaf>
<leaf xml:id="VB-11-3"><folioNumber certainty="1" val="82">82</folioNumber><mode certainty="1" val="original"/><q target="#VB-q-11" leafno="3" position="3" n="11"><conjoin certainty="1" target="#VB-11-8"/></q></leaf>
<leaf xml:id="VB-11-4"><mode certainty="1" val="notLeaf"/><q target="#VB-q-11" leafno="4" position="4" n="11"><conjoin certainty="1" target="#VB-11-7"/></q></leaf>
<leaf xml:id="VB-11-5"><folioNumber certainty="1" val="83">83</folioNumber><mode certainty="1" val="original"/><q target="#VB-q-11" leafno="5" position="5" n="11"><conjoin certainty="1" target="#VB-11-6"/></q></leaf>
<leaf xml:id="VB-11-6"><mode certainty="1" val="missing"/><q target="#VB-q-11" leafno="6" position="6" n="11"><conjoin certainty="1" target="#VB-11-5"/></q></leaf>
<leaf xml:id="VB-11-7"><folioNumber certainty="1" val="84">84</folioNumber><mode certainty="1" val="original"/><q target="#VB-q-11" leafno="7" position="7" n="11"><conjoin certainty="1" target="#VB-11-4"/></q></leaf>
<leaf xml:id="VB-11-8"><mode certainty="1" val="notLeaf"/><q target="#VB-q-11" leafno="8" position="8" n="11"><conjoin certainty="1" target="#VB-11-3"/></q></leaf>
<leaf xml:id="VB-11-9"><folioNumber certainty="1" val="85">85</folioNumber><mode certainty="1" val="original"/><q target="#VB-q-11" leafno="9" position="9" n="11"><conjoin certainty="1" target="#VB-11-2"/></q></leaf>
<leaf xml:id="VB-11-10"><mode certainty="1" val="missing"/><q target="#VB-q-11" leafno="10" position="10" n="11"><conjoin certainty="1" target="#VB-11-1"/></q></leaf>

<leaf xml:id="VB-12-1"><folioNumber certainty="1" val="86">86</folioNumber><mode certainty="1" val="original"/><q target="#VB-q-12" leafno="1" position="1" n="12"><conjoin certainty="1" target="#VB-12-6"/></q></leaf>
<leaf xml:id="VB-12-2"><folioNumber certainty="1" val="87">87</folioNumber><mode certainty="1" val="original"/><q target="#VB-q-12" leafno="2" position="2" n="12"><conjoin certainty="1" target="#VB-12-5"/></q></leaf>
<leaf xml:id="VB-12-3"><folioNumber certainty="1" val="88">88</folioNumber><mode certainty="1" val="original"/><q target="#VB-q-12" leafno="3" position="3" n="12"><conjoin certainty="1" target="#VB-12-4"/></q></leaf>
<leaf xml:id="VB-12-4"><folioNumber certainty="1" val="89">89</folioNumber><mode certainty="1" val="original"/><q target="#VB-q-12" leafno="4" position="4" n="12"><conjoin certainty="1" target="#VB-12-3"/></q></leaf>
<leaf xml:id="VB-12-5"><folioNumber certainty="1" val="90">90</folioNumber><mode certainty="1" val="original"/><q target="#VB-q-12" leafno="5" position="5" n="12"><conjoin certainty="1" target="#VB-12-2"/></q></leaf>
<leaf xml:id="VB-12-6"><folioNumber certainty="1" val="91">91</folioNumber><mode certainty="1" val="original"/><q target="#VB-q-12" leafno="6" position="6" n="12"><conjoin certainty="1" target="#VB-12-1"/></q></leaf>

<leaf xml:id="VB-13-1"><folioNumber certainty="1" val="92">92</folioNumber><mode certainty="1" val="original"/><q target="#VB-q-13" leafno="1" position="1" n="13"><conjoin certainty="1" target="#VB-13-10"/></q></leaf>
<leaf xml:id="VB-13-2"><folioNumber certainty="1" val="93">93</folioNumber><mode certainty="1" val="original"/><q target="#VB-q-13" leafno="2" position="2" n="13"><conjoin certainty="1" target="#VB-13-9"/></q></leaf>
<leaf xml:id="VB-13-3"><mode certainty="1" val="notLeaf"/><q target="#VB-q-13" leafno="3" position="3" n="13"><conjoin certainty="1" target="#VB-13-8"/></q></leaf>
<leaf xml:id="VB-13-4"><folioNumber certainty="1" val="94">94</folioNumber><mode certainty="1" val="original"/><q target="#VB-q-13" leafno="4" position="4" n="13"><conjoin certainty="1" target="#VB-13-7"/></q></leaf>
<leaf xml:id="VB-13-5"><folioNumber certainty="1" val="95">95</folioNumber><mode certainty="1" val="original"/><q target="#VB-q-13" leafno="5" position="5" n="13"><conjoin certainty="1" target="#VB-13-6"/></q></leaf>
<leaf xml:id="VB-13-6"><folioNumber certainty="1" val="96">96</folioNumber><mode certainty="1" val="original"/><q target="#VB-q-13" leafno="6" position="6" n="13"><conjoin certainty="1" target="#VB-13-5"/></q></leaf>
<leaf xml:id="VB-13-7"><mode certainty="1" val="notLeaf"/><q target="#VB-q-13" leafno="7" position="7" n="13"><conjoin certainty="1" target="#VB-13-4"/></q></leaf>
<leaf xml:id="VB-13-8"><folioNumber certainty="1" val="97">97</folioNumber><mode certainty="1" val="original"/><q target="#VB-q-13" leafno="8" position="8" n="13"><conjoin certainty="1" target="#VB-13-3"/></q></leaf>
<leaf xml:id="VB-13-9"><mode certainty="1" val="missing"/><q target="#VB-q-13" leafno="9" position="9" n="13"><conjoin certainty="1" target="#VB-13-2"/></q></leaf>
<leaf xml:id="VB-13-10"><folioNumber certainty="1" val="98">98</folioNumber><mode certainty="1" val="original"/><q target="#VB-q-13" leafno="10" position="10" n="13"><conjoin certainty="1" target="#VB-13-1"/></q></leaf>
-->

<leaf xml:id="VB-14-1"><folioNumber certainty="1" val="99">99</folioNumber><mode certainty="1" val="original"/><q target="#VB-q-14" leafno="1" position="1" n="14"><conjoin certainty="1" target="#VB-14-8"/></q></leaf>
<leaf xml:id="VB-14-2"><folioNumber certainty="1" val="100">100</folioNumber><mode certainty="1" val="original"/><q target="#VB-q-14" leafno="2" position="2" n="14"><conjoin certainty="1" target="#VB-14-7"/></q></leaf>
<leaf xml:id="VB-14-3"><mode certainty="1" val="missing"/><q target="#VB-q-14" leafno="3" position="3" n="14"><conjoin certainty="1" target="#VB-14-6"/></q></leaf>
<leaf xml:id="VB-14-4"><folioNumber certainty="1" val="101">101</folioNumber><mode certainty="1" val="original"/><q target="#VB-q-14" leafno="4" position="4" n="14"><conjoin certainty="1" target="#VB-14-5"/></q></leaf>
<leaf xml:id="VB-14-5"><folioNumber certainty="1" val="102">102</folioNumber><mode certainty="1" val="original"/><q target="#VB-q-14" leafno="5" position="5" n="14"><conjoin certainty="1" target="#VB-14-4"/></q></leaf>
<leaf xml:id="VB-14-6"><folioNumber certainty="1" val="103">103</folioNumber><mode certainty="1" val="original"/><q target="#VB-q-14" leafno="6" position="6" n="14"><conjoin certainty="1" target="#VB-14-3"/></q></leaf>
<leaf xml:id="VB-14-7"><mode certainty="1" val="missing"/><q target="#VB-q-14" leafno="7" position="7" n="14"><conjoin certainty="1" target="#VB-14-2"/></q></leaf>
<leaf xml:id="VB-14-8"><folioNumber certainty="1" val="104">104</folioNumber><mode certainty="1" val="original"/><q target="#VB-q-14" leafno="8" position="8" n="14"><conjoin certainty="1" target="#VB-14-1"/></q></leaf>

<leaf xml:id="VB-15-1"><folioNumber certainty="1" val="105">105</folioNumber><mode certainty="1" val="original"/><q target="#VB-q-15" leafno="1" position="1" n="15"><conjoin certainty="1" target="#VB-15-8"/></q></leaf>
<leaf xml:id="VB-15-2"><folioNumber certainty="1" val="106">106</folioNumber><mode certainty="1" val="original"/><q target="#VB-q-15" leafno="2" position="2" n="15"><conjoin certainty="1" target="#VB-15-7"/></q></leaf>
<leaf xml:id="VB-15-3"><folioNumber certainty="1" val="107">107</folioNumber><mode certainty="1" val="original"/><q target="#VB-q-15" leafno="3" position="3" n="15"><conjoin certainty="1" target="#VB-15-6"/></q></leaf>
<leaf xml:id="VB-15-4"><folioNumber certainty="1" val="108">108</folioNumber><mode certainty="1" val="original"/><q target="#VB-q-15" leafno="4" position="4" n="15"><conjoin certainty="1" target="#VB-15-5"/></q></leaf>
<leaf xml:id="VB-15-5"><folioNumber certainty="1" val="109">109</folioNumber><mode certainty="1" val="original"/><q target="#VB-q-15" leafno="5" position="5" n="15"><conjoin certainty="1" target="#VB-15-4"/></q></leaf>
<leaf xml:id="VB-15-6"><mode certainty="1" val="missing"/><q target="#VB-q-15" leafno="6" position="6" n="15"><conjoin certainty="1" target="#VB-15-3"/></q></leaf>
<leaf xml:id="VB-15-7"><folioNumber certainty="1" val="110">110</folioNumber><mode certainty="1" val="original"/><q target="#VB-q-15" leafno="7" position="7" n="15"><conjoin certainty="1" target="#VB-15-2"/></q></leaf>
<leaf xml:id="VB-15-8"><folioNumber certainty="1" val="111">111</folioNumber><mode certainty="1" val="original"/><q target="#VB-q-15" leafno="8" position="8" n="15"><conjoin certainty="1" target="#VB-15-1"/></q></leaf>

<!--
<leaf xml:id="VB-16-1"><mode certainty="1" val="missing"/><q target="#VB-q-16" leafno="1" position="1" n="16"><conjoin certainty="1" target="#VB-16-10"/></q></leaf>
<leaf xml:id="VB-16-2"><folioNumber certainty="1" val="112">112</folioNumber><mode certainty="1" val="original"/><q target="#VB-q-16" leafno="2" position="2" n="16"><conjoin certainty="1" target="#VB-16-9"/></q></leaf>
<leaf xml:id="VB-16-3"><folioNumber certainty="1" val="113">113</folioNumber><mode certainty="1" val="original"/><q target="#VB-q-16" leafno="3" position="3" n="16"><conjoin certainty="1" target="#VB-16-8"/></q></leaf>
<leaf xml:id="VB-16-4"><mode certainty="1" val="notLeaf"/><q target="#VB-q-16" leafno="4" position="4" n="16"><conjoin certainty="1" target="#VB-16-7"/></q></leaf>
<leaf xml:id="VB-16-5"><folioNumber certainty="1" val="114">114</folioNumber><mode certainty="1" val="original"/><q target="#VB-q-16" leafno="5" position="5" n="16"><conjoin certainty="1" target="#VB-16-6"/></q></leaf>
<leaf xml:id="VB-16-6"><folioNumber certainty="1" val="115">115</folioNumber><mode certainty="1" val="original"/><q target="#VB-q-16" leafno="6" position="6" n="16"><conjoin certainty="1" target="#VB-16-5"/></q></leaf>
<leaf xml:id="VB-16-7"><folioNumber certainty="1" val="116">116</folioNumber><mode certainty="1" val="original"/><q target="#VB-q-16" leafno="7" position="7" n="16"><conjoin certainty="1" target="#VB-16-4"/></q></leaf>
<leaf xml:id="VB-16-8"><mode certainty="1" val="notLeaf"/><q target="#VB-q-16" leafno="8" position="8" n="16"><conjoin certainty="1" target="#VB-16-3"/></q></leaf>
<leaf xml:id="VB-16-9"><folioNumber certainty="1" val="117">117</folioNumber><mode certainty="1" val="original"/><q target="#VB-q-16" leafno="9" position="9" n="16"><conjoin certainty="1" target="#VB-16-2"/></q></leaf>
<leaf xml:id="VB-16-10"><folioNumber certainty="1" val="118">118</folioNumber><mode certainty="1" val="original"/><q target="#VB-q-16" leafno="10" position="10" n="16"><conjoin certainty="1" target="#VB-16-1"/></q></leaf>
-->

<!--<leaf xml:id="VB-17-1"><folioNumber certainty="1" val="119">119</folioNumber><mode certainty="1" val="original"/><q target="#VB-q-17" leafno="1" position="1" n="17"><conjoin certainty="1" target="#VB-17-4"/></q></leaf>
<leaf xml:id="VB-17-2"><folioNumber certainty="1" val="120">120</folioNumber><mode certainty="1" val="original"/><q target="#VB-q-17" leafno="2" position="2" n="17"><conjoin certainty="1" target="#VB-17-3"/></q></leaf>
<leaf xml:id="VB-17-3"><mode certainty="1" val="notLeaf"/><q target="#VB-q-17" leafno="3" position="3" n="17"><conjoin certainty="1" target="#VB-17-2"/></q></leaf>
<leaf xml:id="VB-17-4"><mode certainty="1" val="notLeaf"/><q target="#VB-q-17" leafno="4" position="4" n="17"><conjoin certainty="1" target="#VB-17-1"/></q></leaf>

<leaf xml:id="VB-18-1"><folioNumber certainty="1" val="121">121</folioNumber><mode certainty="1" val="original"/><q target="#VB-q-18" leafno="1" position="1" n="18"><conjoin certainty="1" target="#VB-18-8"/></q></leaf>
<leaf xml:id="VB-18-2"><folioNumber certainty="1" val="122">122</folioNumber><mode certainty="1" val="original"/><q target="#VB-q-18" leafno="2" position="2" n="18"><conjoin certainty="1" target="#VB-18-7"/></q></leaf>
<leaf xml:id="VB-18-3"><folioNumber certainty="1" val="123">123</folioNumber><mode certainty="1" val="original"/><q target="#VB-q-18" leafno="3" position="3" n="18"><conjoin certainty="1" target="#VB-18-6"/></q></leaf>
<leaf xml:id="VB-18-4"><folioNumber certainty="1" val="124">124</folioNumber><mode certainty="1" val="original"/><q target="#VB-q-18" leafno="4" position="4" n="18"><conjoin certainty="1" target="#VB-18-5"/></q></leaf>
<leaf xml:id="VB-18-5"><folioNumber certainty="1" val="125">125</folioNumber><mode certainty="1" val="original"/><q target="#VB-q-18" leafno="5" position="5" n="18"><conjoin certainty="1" target="#VB-18-4"/></q></leaf>
<leaf xml:id="VB-18-6"><folioNumber certainty="1" val="126">126</folioNumber><mode certainty="1" val="original"/><q target="#VB-q-18" leafno="6" position="6" n="18"><conjoin certainty="1" target="#VB-18-3"/></q></leaf>
<leaf xml:id="VB-18-7"><folioNumber certainty="1" val="127">127</folioNumber><mode certainty="1" val="original"/><q target="#VB-q-18" leafno="7" position="7" n="18"><conjoin certainty="1" target="#VB-18-2"/></q></leaf>
<leaf xml:id="VB-18-8"><folioNumber certainty="1" val="128">128</folioNumber><mode certainty="1" val="original"/><q target="#VB-q-18" leafno="8" position="8" n="18"><conjoin certainty="1" target="#VB-18-1"/></q></leaf>

<leaf xml:id="VB-19-1"><folioNumber certainty="1" val="129">129</folioNumber><mode certainty="1" val="original"/><q target="#VB-q-19" leafno="1" position="1" n="19"><conjoin certainty="1" target="#VB-19-8"/></q></leaf>
<leaf xml:id="VB-19-2"><folioNumber certainty="1" val="130">130</folioNumber><mode certainty="1" val="original"/><q target="#VB-q-19" leafno="2" position="2" n="19"><conjoin certainty="1" target="#VB-19-7"/></q></leaf>
<leaf xml:id="VB-19-3"><folioNumber certainty="1" val="131">131</folioNumber><mode certainty="1" val="original"/><q target="#VB-q-19" leafno="3" position="3" n="19"><conjoin certainty="1" target="#VB-19-6"/></q></leaf>
<leaf xml:id="VB-19-4"><folioNumber certainty="1" val="132">132</folioNumber><mode certainty="1" val="original"/><q target="#VB-q-19" leafno="4" position="4" n="19"><conjoin certainty="1" target="#VB-19-5"/></q></leaf>
<leaf xml:id="VB-19-5"><folioNumber certainty="1" val="133">133</folioNumber><mode certainty="1" val="original"/><q target="#VB-q-19" leafno="5" position="5" n="19"><conjoin certainty="1" target="#VB-19-4"/></q></leaf>
<leaf xml:id="VB-19-6"><folioNumber certainty="1" val="134">134</folioNumber><mode certainty="1" val="original"/><q target="#VB-q-19" leafno="6" position="6" n="19"><conjoin certainty="1" target="#VB-19-3"/></q></leaf>
<leaf xml:id="VB-19-7"><folioNumber certainty="1" val="135">135</folioNumber><mode certainty="1" val="original"/><q target="#VB-q-19" leafno="7" position="7" n="19"><conjoin certainty="1" target="#VB-19-2"/></q></leaf>
<leaf xml:id="VB-19-8"><mode certainty="1" val="notLeaf"/><q target="#VB-q-19" leafno="8" position="8" n="19"><conjoin certainty="1" target="#VB-19-1"/></q></leaf>-->

</textblock>
</viscoll>
